ensemble,lead_000,lead_024,lead_048
geavg,1.4688952562878066,0.648301282051282,0.6276102845210129
gec00,1.4808330144151038,0.6949514563106796,0.554960394753928
gep01,1.273176682074987,0.154964606849053,-0.06673621648963075
