{"type": "FeatureCollection", "features": [{"type": "Feature", "geometry": {"type": "Point", "coordinates": [22.75, -5.0]}, "properties": {"source": "cab", "date": "2026-10-04"}}, {"type": "Feature", "geometry": {"type": "Point", "coordinates": [22.75, -5.25]}, "properties": {"source": "cab", "date": "2026-10-04"}}, {"type": "Feature", "geometry": {"type": "Point", "coordinates": [22.5, -5.5]}, "properties": {"source": "cab", "date": "2026-10-04"}}, {"type": "Feature", "geometry": {"type": "Point", "coordinates": [22.25, -5.75]}, "properties": {"source": "cab", "date": "2026-10-04"}}, {"type": "Feature", "geometry": {"type": "Point", "coordinates": [22.5, -5.75]}, "properties": {"source": "cab", "date": "2026-10-04"}}, {"type": "Feature", "geometry": {"type": "Point", "coordinates": [21.25, -6.0]}, "properties": {"source": "cab", "date": "2026-10-04"}}, {"type": "Feature", "geometry": {"type": "Point", "coordinates": [21.5, -6.0]}, "properties": {"source": "cab", "date": "2026-10-04"}}, {"type": "Feature", "geometry": {"type": "Point", "coordinates": [21.75, -6.0]}, "properties": {"source": "cab", "date": "2026-10-04"}}, {"type": "Feature", "geometry": {"type": "Point", "coordinates": [22.0, -6.0]}, "properties": {"source": "cab", "date": "2026-10-04"}}, {"type": "Feature", "geometry": {"type": "Point", "coordinates": [20.75, -6.25]}, "properties": {"source": "cab", "date": "2026-10-04"}}, {"type": "Feature", "geometry": {"type": "Point", "coordinates": [21.0, -6.25]}, "properties": {"source": "cab", "date": "2026-10-04"}}, {"type": "Feature", "geometry": {"type": "Point", "coordinates": [20.25, -6.5]}, "properties": {"source": "cab", "date": "2026-10-04"}}, {"type": "Feature", "geometry": {"type": "Point", "coordinates": [20.5, -6.5]}, "properties": {"source": "cab", "date": "2026-10-04"}}, {"type": "Feature", "geometry": {"type": "Point", "coordinates": [19.5, -6.75]}, "properties": {"source": "cab", "date": "2026-10-04"}}, {"type": "Feature", "geometry": {"type": "Point", "coordinates": [19.75, -6.75]}, "properties": {"source": "cab", "date": "2026-10-04"}}, {"type": "Feature", "geometry": {"type": "Point", "coordinates": [20.0, -6.75]}, "properties": {"source": "cab", "date": "2026-10-04"}}, {"type": "Feature", "geometry": {"type": "Point", "coordinates": [19.0, -7.0]}, "properties": {"source": "cab", "date": "2026-10-04"}}, {"type": "Feature", "geometry": {"type": "Point", "coordinates": [19.25, -7.0]}, "properties": {"source": "cab", "date": "2026-10-04"}}, {"type": "Feature", "geometry": {"type": "Point", "coordinates": [19.0, -7.25]}, "properties": {"source": "cab", "date": "2026-10-04"}}, {"type": "Feature", "geometry": {"type": "Point", "coordinates": [23.25, -8.5]}, "properties": {"source": "cab", "date": "2026-10-04"}}, {"type": "Feature", "geometry": {"type": "Point", "coordinates": [23.25, -8.75]}, "properties": {"source": "cab", "date": "2026-10-04"}}, {"type": "Feature", "geometry": {"type": "Point", "coordinates": [23.25, -9.0]}, "properties": {"source": "cab", "date": "2026-10-04"}}, {"type": "Feature", "geometry": {"type": "Point", "coordinates": [19.75, -9.25]}, "properties": {"source": "cab", "date": "2026-10-04"}}, {"type": "Feature", "geometry": {"type": "Point", "coordinates": [20.0, -9.25]}, "properties": {"source": "cab", "date": "2026-10-04"}}, {"type": "Feature", "geometry": {"type": "Point", "coordinates": [20.25, -9.25]}, "properties": {"source": "cab", "date": "2026-10-04"}}, {"type": "Feature", "geometry": {"type": "Point", "coordinates": [20.5, -9.25]}, "properties": {"source": "cab", "date": "2026-10-04"}}, {"type": "Feature", "geometry": {"type": "Point", "coordinates": [20.75, -9.25]}, "properties": {"source": "cab", "date": "2026-10-04"}}, {"type": "Feature", "geometry": {"type": "Point", "coordinates": [21.0, -9.25]}, "properties": {"source": "cab", "date": "2026-10-04"}}, {"type": "Feature", "geometry": {"type": "Point", "coordinates": [21.25, -9.25]}, "properties": {"source": "cab", "date": "2026-10-04"}}, {"type": "Feature", "geometry": {"type": "Point", "coordinates": [23.0, -9.25]}, "properties": {"source": "cab", "date": "2026-10-04"}}, {"type": "Feature", "geometry": {"type": "Point", "coordinates": [23.25, -9.25]}, "properties": {"source": "cab", "date": "2026-10-04"}}, {"type": "Feature", "geometry": {"type": "Point", "coordinates": [21.25, -9.5]}, "properties": {"source": "cab", "date": "2026-10-04"}}, {"type": "Feature", "geometry": {"type": "Point", "coordinates": [21.5, -9.5]}, "properties": {"source": "cab", "date": "2026-10-04"}}, {"type": "Feature", "geometry": {"type": "Point", "coordinates": [21.75, -9.5]}, "properties": {"source": "cab", "date": "2026-10-04"}}, {"type": "Feature", "geometry": {"type": "Point", "coordinates": [23.0, -9.5]}, "properties": {"source": "cab", "date": "2026-10-04"}}, {"type": "Feature", "geometry": {"type": "Point", "coordinates": [22.0, -9.75]}, "properties": {"source": "cab", "date": "2026-10-04"}}, {"type": "Feature", "geometry": {"type": "Point", "coordinates": [22.25, -9.75]}, "properties": {"source": "cab", "date": "2026-10-04"}}, {"type": "Feature", "geometry": {"type": "Point", "coordinates": [22.5, -9.75]}, "properties": {"source": "cab", "date": "2026-10-04"}}, {"type": "Feature", "geometry": {"type": "Point", "coordinates": [22.75, -9.75]}, "properties": {"source": "cab", "date": "2026-10-04"}}, {"type": "Feature", "geometry": {"type": "Point", "coordinates": [23.0, -9.75]}, "properties": {"source": "cab", "date": "2026-10-04"}}, {"type": "Feature", "geometry": {"type": "Point", "coordinates": [22.5, -10.0]}, "properties": {"source": "cab", "date": "2026-10-04"}}, {"type": "Feature", "geometry": {"type": "Point", "coordinates": [22.75, -10.0]}, "properties": {"source": "cab", "date": "2026-10-04"}}, {"type": "Feature", "geometry": {"type": "Point", "coordinates": [26.75, -12.0]}, "properties": {"source": "kd", "date": "2026-10-04"}}, {"type": "Feature", "geometry": {"type": "Point", "coordinates": [27.0, -12.0]}, "properties": {"source": "kd", "date": "2026-10-04"}}, {"type": "Feature", "geometry": {"type": "Point", "coordinates": [27.0, -12.25]}, "properties": {"source": "kd", "date": "2026-10-04"}}, {"type": "Feature", "geometry": {"type": "Point", "coordinates": [27.0, -12.5]}, "properties": {"source": "kd", "date": "2026-10-04"}}, {"type": "Feature", "geometry": {"type": "Point", "coordinates": [27.0, -12.75]}, "properties": {"source": "kd", "date": "2026-10-04"}}, {"type": "Feature", "geometry": {"type": "Point", "coordinates": [27.0, -13.0]}, "properties": {"source": "kd", "date": "2026-10-04"}}, {"type": "Feature", "geometry": {"type": "Point", "coordinates": [27.0, -13.25]}, "properties": {"source": "kd", "date": "2026-10-04"}}, {"type": "Feature", "geometry": {"type": "Point", "coordinates": [27.0, -13.5]}, "properties": {"source": "kd", "date": "2026-10-04"}}, {"type": "Feature", "geometry": {"type": "Point", "coordinates": [27.0, -13.75]}, "properties": {"source": "kd", "date": "2026-10-04"}}, {"type": "Feature", "geometry": {"type": "Point", "coordinates": [27.0, -14.0]}, "properties": {"source": "kd", "date": "2026-10-04"}}, {"type": "Feature", "geometry": {"type": "Point", "coordinates": [27.0, -14.25]}, "properties": {"source": "kd", "date": "2026-10-04"}}, {"type": "Feature", "geometry": {"type": "Point", "coordinates": [15.75, -19.75]}, "properties": {"source": "kd", "date": "2026-10-04"}}, {"type": "Feature", "geometry": {"type": "Point", "coordinates": [15.75, -20.0]}, "properties": {"source": "kd", "date": "2026-10-04"}}, {"type": "Feature", "geometry": {"type": "Point", "coordinates": [16.0, -20.0]}, "properties": {"source": "kd", "date": "2026-10-04"}}, {"type": "Feature", "geometry": {"type": "Point", "coordinates": [16.0, -20.25]}, "properties": {"source": "kd", "date": "2026-10-04"}}, {"type": "Feature", "geometry": {"type": "Point", "coordinates": [16.25, -20.5]}, "properties": {"source": "kd", "date": "2026-10-04"}}, {"type": "Feature", "geometry": {"type": "Point", "coordinates": [16.25, -20.75]}, "properties": {"source": "kd", "date": "2026-10-04"}}, {"type": "Feature", "geometry": {"type": "Point", "coordinates": [16.25, -21.0]}, "properties": {"source": "kd", "date": "2026-10-04"}}, {"type": "Feature", "geometry": {"type": "Point", "coordinates": [16.25, -21.25]}, "properties": {"source": "kd", "date": "2026-10-04"}}, {"type": "Feature", "geometry": {"type": "Point", "coordinates": [16.5, -21.5]}, "properties": {"source": "kd", "date": "2026-10-04"}}, {"type": "Feature", "geometry": {"type": "Point", "coordinates": [16.5, -21.75]}, "properties": {"source": "kd", "date": "2026-10-04"}}, {"type": "Feature", "geometry": {"type": "Point", "coordinates": [16.75, -21.75]}, "properties": {"source": "kd", "date": "2026-10-04"}}, {"type": "Feature", "geometry": {"type": "Point", "coordinates": [16.75, -22.0]}, "properties": {"source": "kd", "date": "2026-10-04"}}, {"type": "Feature", "geometry": {"type": "Point", "coordinates": [8.0, 33.25]}, "properties": {"source": "dryline", "date": "2026-10-04"}}, {"type": "Feature", "geometry": {"type": "Point", "coordinates": [8.0, 33.0]}, "properties": {"source": "dryline", "date": "2026-10-04"}}, {"type": "Feature", "geometry": {"type": "Point", "coordinates": [8.25, 33.0]}, "properties": {"source": "dryline", "date": "2026-10-04"}}, {"type": "Feature", "geometry": {"type": "Point", "coordinates": [8.25, 32.75]}, "properties": {"source": "dryline", "date": "2026-10-04"}}, {"type": "Feature", "geometry": {"type": "Point", "coordinates": [8.5, 32.75]}, "properties": {"source": "dryline", "date": "2026-10-04"}}, {"type": "Feature", "geometry": {"type": "Point", "coordinates": [8.5, 32.5]}, "properties": {"source": "dryline", "date": "2026-10-04"}}, {"type": "Feature", "geometry": {"type": "Point", "coordinates": [8.75, 32.25]}, "properties": {"source": "dryline", "date": "2026-10-04"}}, {"type": "Feature", "geometry": {"type": "Point", "coordinates": [8.75, 32.0]}, "properties": {"source": "dryline", "date": "2026-10-04"}}, {"type": "Feature", "geometry": {"type": "Point", "coordinates": [9.0, 32.0]}, "properties": {"source": "dryline", "date": "2026-10-04"}}, {"type": "Feature", "geometry": {"type": "Point", "coordinates": [9.0, 31.75]}, "properties": {"source": "dryline", "date": "2026-10-04"}}, {"type": "Feature", "geometry": {"type": "Point", "coordinates": [9.25, 31.75]}, "properties": {"source": "dryline", "date": "2026-10-04"}}, {"type": "Feature", "geometry": {"type": "Point", "coordinates": [9.5, 31.75]}, "properties": {"source": "dryline", "date": "2026-10-04"}}, {"type": "Feature", "geometry": {"type": "Point", "coordinates": [9.5, 31.5]}, "properties": {"source": "dryline", "date": "2026-10-04"}}, {"type": "Feature", "geometry": {"type": "Point", "coordinates": [9.75, 31.5]}, "properties": {"source": "dryline", "date": "2026-10-04"}}, {"type": "Feature", "geometry": {"type": "Point", "coordinates": [10.0, 31.5]}, "properties": {"source": "dryline", "date": "2026-10-04"}}, {"type": "Feature", "geometry": {"type": "Point", "coordinates": [10.0, 31.25]}, "properties": {"source": "dryline", "date": "2026-10-04"}}, {"type": "Feature", "geometry": {"type": "Point", "coordinates": [10.25, 31.25]}, "properties": {"source": "dryline", "date": "2026-10-04"}}, {"type": "Feature", "geometry": {"type": "Point", "coordinates": [10.25, 31.0]}, "properties": {"source": "dryline", "date": "2026-10-04"}}, {"type": "Feature", "geometry": {"type": "Point", "coordinates": [10.5, 31.0]}, "properties": {"source": "dryline", "date": "2026-10-04"}}, {"type": "Feature", "geometry": {"type": "Point", "coordinates": [10.5, 30.75]}, "properties": {"source": "dryline", "date": "2026-10-04"}}, {"type": "Feature", "geometry": {"type": "Point", "coordinates": [10.5, 30.5]}, "properties": {"source": "dryline", "date": "2026-10-04"}}, {"type": "Feature", "geometry": {"type": "Point", "coordinates": [10.75, 30.5]}, "properties": {"source": "dryline", "date": "2026-10-04"}}, {"type": "Feature", "geometry": {"type": "Point", "coordinates": [10.75, 30.25]}, "properties": {"source": "dryline", "date": "2026-10-04"}}, {"type": "Feature", "geometry": {"type": "Point", "coordinates": [11.0, 30.25]}, "properties": {"source": "dryline", "date": "2026-10-04"}}, {"type": "Feature", "geometry": {"type": "Point", "coordinates": [11.0, 30.0]}, "properties": {"source": "dryline", "date": "2026-10-04"}}, {"type": "Feature", "geometry": {"type": "Point", "coordinates": [11.25, 30.0]}, "properties": {"source": "dryline", "date": "2026-10-04"}}, {"type": "Feature", "geometry": {"type": "Point", "coordinates": [11.25, 29.75]}, "properties": {"source": "dryline", "date": "2026-10-04"}}, {"type": "Feature", "geometry": {"type": "Point", "coordinates": [11.5, 29.75]}, "properties": {"source": "dryline", "date": "2026-10-04"}}, {"type": "Feature", "geometry": {"type": "Point", "coordinates": [11.75, 29.75]}, "properties": {"source": "dryline", "date": "2026-10-04"}}, {"type": "Feature", "geometry": {"type": "Point", "coordinates": [31.75, 29.75]}, "properties": {"source": "dryline", "date": "2026-10-04"}}, {"type": "Feature", "geometry": {"type": "Point", "coordinates": [32.0, 29.75]}, "properties": {"source": "dryline", "date": "2026-10-04"}}, {"type": "Feature", "geometry": {"type": "Point", "coordinates": [32.25, 29.75]}, "properties": {"source": "dryline", "date": "2026-10-04"}}, {"type": "Feature", "geometry": {"type": "Point", "coordinates": [-10.0, 29.5]}, "properties": {"source": "dryline", "date": "2026-10-04"}}, {"type": "Feature", "geometry": {"type": "Point", "coordinates": [11.75, 29.5]}, "properties": {"source": "dryline", "date": "2026-10-04"}}, {"type": "Feature", "geometry": {"type": "Point", "coordinates": [12.0, 29.5]}, "properties": {"source": "dryline", "date": "2026-10-04"}}, {"type": "Feature", "geometry": {"type": "Point", "coordinates": [30.75, 29.5]}, "properties": {"source": "dryline", "date": "2026-10-04"}}, {"type": "Feature", "geometry": {"type": "Point", "coordinates": [31.0, 29.5]}, "properties": {"source": "dryline", "date": "2026-10-04"}}, {"type": "Feature", "geometry": {"type": "Point", "coordinates": [31.25, 29.5]}, "properties": {"source": "dryline", "date": "2026-10-04"}}, {"type": "Feature", "geometry": {"type": "Point", "coordinates": [31.5, 29.5]}, "properties": {"source": "dryline", "date": "2026-10-04"}}, {"type": "Feature", "geometry": {"type": "Point", "coordinates": [32.25, 29.5]}, "properties": {"source": "dryline", "date": "2026-10-04"}}, {"type": "Feature", "geometry": {"type": "Point", "coordinates": [-10.25, 29.25]}, "properties": {"source": "dryline", "date": "2026-10-04"}}, {"type": "Feature", "geometry": {"type": "Point", "coordinates": [28.5, 29.25]}, "properties": {"source": "dryline", "date": "2026-10-04"}}, {"type": "Feature", "geometry": {"type": "Point", "coordinates": [28.75, 29.25]}, "properties": {"source": "dryline", "date": "2026-10-04"}}, {"type": "Feature", "geometry": {"type": "Point", "coordinates": [29.0, 29.25]}, "properties": {"source": "dryline", "date": "2026-10-04"}}, {"type": "Feature", "geometry": {"type": "Point", "coordinates": [29.25, 29.25]}, "properties": {"source": "dryline", "date": "2026-10-04"}}, {"type": "Feature", "geometry": {"type": "Point", "coordinates": [29.5, 29.25]}, "properties": {"source": "dryline", "date": "2026-10-04"}}, {"type": "Feature", "geometry": {"type": "Point", "coordinates": [29.75, 29.25]}, "properties": {"source": "dryline", "date": "2026-10-04"}}, {"type": "Feature", "geometry": {"type": "Point", "coordinates": [30.0, 29.25]}, "properties": {"source": "dryline", "date": "2026-10-04"}}, {"type": "Feature", "geometry": {"type": "Point", "coordinates": [30.25, 29.25]}, "properties": {"source": "dryline", "date": "2026-10-04"}}, {"type": "Feature", "geometry": {"type": "Point", "coordinates": [30.5, 29.25]}, "properties": {"source": "dryline", "date": "2026-10-04"}}, {"type": "Feature", "geometry": {"type": "Point", "coordinates": [-10.5, 29.0]}, "properties": {"source": "dryline", "date": "2026-10-04"}}, {"type": "Feature", "geometry": {"type": "Point", "coordinates": [27.75, 29.0]}, "properties": {"source": "dryline", "date": "2026-10-04"}}, {"type": "Feature", "geometry": {"type": "Point", "coordinates": [28.0, 29.0]}, "properties": {"source": "dryline", "date": "2026-10-04"}}, {"type": "Feature", "geometry": {"type": "Point", "coordinates": [28.25, 29.0]}, "properties": {"source": "dryline", "date": "2026-10-04"}}, {"type": "Feature", "geometry": {"type": "Point", "coordinates": [-10.75, 28.75]}, "properties": {"source": "dryline", "date": "2026-10-04"}}, {"type": "Feature", "geometry": {"type": "Point", "coordinates": [-10.5, 28.75]}, "properties": {"source": "dryline", "date": "2026-10-04"}}, {"type": "Feature", "geometry": {"type": "Point", "coordinates": [27.25, 28.75]}, "properties": {"source": "dryline", "date": "2026-10-04"}}, {"type": "Feature", "geometry": {"type": "Point", "coordinates": [27.5, 28.75]}, "properties": {"source": "dryline", "date": "2026-10-04"}}, {"type": "Feature", "geometry": {"type": "Point", "coordinates": [27.75, 28.75]}, "properties": {"source": "dryline", "date": "2026-10-04"}}, {"type": "Feature", "geometry": {"type": "Point", "coordinates": [-11.0, 28.5]}, "properties": {"source": "dryline", "date": "2026-10-04"}}, {"type": "Feature", "geometry": {"type": "Point", "coordinates": [-10.75, 28.5]}, "properties": {"source": "dryline", "date": "2026-10-04"}}, {"type": "Feature", "geometry": {"type": "Point", "coordinates": [26.75, 28.5]}, "properties": {"source": "dryline", "date": "2026-10-04"}}, {"type": "Feature", "geometry": {"type": "Point", "coordinates": [27.0, 28.5]}, "properties": {"source": "dryline", "date": "2026-10-04"}}, {"type": "Feature", "geometry": {"type": "Point", "coordinates": [-11.0, 28.25]}, "properties": {"source": "dryline", "date": "2026-10-04"}}, {"type": "Feature", "geometry": {"type": "Point", "coordinates": [26.5, 28.25]}, "properties": {"source": "dryline", "date": "2026-10-04"}}, {"type": "Feature", "geometry": {"type": "Point", "coordinates": [26.75, 28.25]}, "properties": {"source": "dryline", "date": "2026-10-04"}}, {"type": "Feature", "geometry": {"type": "Point", "coordinates": [-11.25, 28.0]}, "properties": {"source": "dryline", "date": "2026-10-04"}}, {"type": "Feature", "geometry": {"type": "Point", "coordinates": [-11.0, 28.0]}, "properties": {"source": "dryline", "date": "2026-10-04"}}, {"type": "Feature", "geometry": {"type": "Point", "coordinates": [26.25, 28.0]}, "properties": {"source": "dryline", "date": "2026-10-04"}}, {"type": "Feature", "geometry": {"type": "Point", "coordinates": [-11.25, 27.75]}, "properties": {"source": "dryline", "date": "2026-10-04"}}, {"type": "Feature", "geometry": {"type": "Point", "coordinates": [26.0, 27.75]}, "properties": {"source": "dryline", "date": "2026-10-04"}}, {"type": "Feature", "geometry": {"type": "Point", "coordinates": [-11.75, 27.5]}, "properties": {"source": "dryline", "date": "2026-10-04"}}, {"type": "Feature", "geometry": {"type": "Point", "coordinates": [-11.5, 27.5]}, "properties": {"source": "dryline", "date": "2026-10-04"}}, {"type": "Feature", "geometry": {"type": "Point", "coordinates": [25.5, 27.5]}, "properties": {"source": "dryline", "date": "2026-10-04"}}, {"type": "Feature", "geometry": {"type": "Point", "coordinates": [25.75, 27.5]}, "properties": {"source": "dryline", "date": "2026-10-04"}}, {"type": "Feature", "geometry": {"type": "Point", "coordinates": [-12.0, 27.25]}, "properties": {"source": "dryline", "date": "2026-10-04"}}, {"type": "Feature", "geometry": {"type": "Point", "coordinates": [-11.75, 27.25]}, "properties": {"source": "dryline", "date": "2026-10-04"}}, {"type": "Feature", "geometry": {"type": "Point", "coordinates": [24.75, 27.25]}, "properties": {"source": "dryline", "date": "2026-10-04"}}, {"type": "Feature", "geometry": {"type": "Point", "coordinates": [25.0, 27.25]}, "properties": {"source": "dryline", "date": "2026-10-04"}}, {"type": "Feature", "geometry": {"type": "Point", "coordinates": [25.25, 27.25]}, "properties": {"source": "dryline", "date": "2026-10-04"}}, {"type": "Feature", "geometry": {"type": "Point", "coordinates": [-12.25, 27.0]}, "properties": {"source": "dryline", "date": "2026-10-04"}}, {"type": "Feature", "geometry": {"type": "Point", "coordinates": [-12.0, 27.0]}, "properties": {"source": "dryline", "date": "2026-10-04"}}, {"type": "Feature", "geometry": {"type": "Point", "coordinates": [24.0, 27.0]}, "properties": {"source": "dryline", "date": "2026-10-04"}}, {"type": "Feature", "geometry": {"type": "Point", "coordinates": [24.25, 27.0]}, "properties": {"source": "dryline", "date": "2026-10-04"}}, {"type": "Feature", "geometry": {"type": "Point", "coordinates": [24.5, 27.0]}, "properties": {"source": "dryline", "date": "2026-10-04"}}, {"type": "Feature", "geometry": {"type": "Point", "coordinates": [24.75, 27.0]}, "properties": {"source": "dryline", "date": "2026-10-04"}}, {"type": "Feature", "geometry": {"type": "Point", "coordinates": [-12.5, 26.75]}, "properties": {"source": "dryline", "date": "2026-10-04"}}, {"type": "Feature", "geometry": {"type": "Point", "coordinates": [-12.25, 26.75]}, "properties": {"source": "dryline", "date": "2026-10-04"}}, {"type": "Feature", "geometry": {"type": "Point", "coordinates": [23.5, 26.75]}, "properties": {"source": "dryline", "date": "2026-10-04"}}, {"type": "Feature", "geometry": {"type": "Point", "coordinates": [23.75, 26.75]}, "properties": {"source": "dryline", "date": "2026-10-04"}}, {"type": "Feature", "geometry": {"type": "Point", "coordinates": [-12.75, 26.5]}, "properties": {"source": "dryline", "date": "2026-10-04"}}, {"type": "Feature", "geometry": {"type": "Point", "coordinates": [-12.5, 26.5]}, "properties": {"source": "dryline", "date": "2026-10-04"}}, {"type": "Feature", "geometry": {"type": "Point", "coordinates": [-12.75, 26.25]}, "properties": {"source": "dryline", "date": "2026-10-04"}}, {"type": "Feature", "geometry": {"type": "Point", "coordinates": [-13.0, 26.0]}, "properties": {"source": "dryline", "date": "2026-10-04"}}, {"type": "Feature", "geometry": {"type": "Point", "coordinates": [-13.0, 25.75]}, "properties": {"source": "dryline", "date": "2026-10-04"}}, {"type": "Feature", "geometry": {"type": "Point", "coordinates": [-14.5, 25.5]}, "properties": {"source": "dryline", "date": "2026-10-04"}}, {"type": "Feature", "geometry": {"type": "Point", "coordinates": [-14.25, 25.5]}, "properties": {"source": "dryline", "date": "2026-10-04"}}, {"type": "Feature", "geometry": {"type": "Point", "coordinates": [-13.0, 25.5]}, "properties": {"source": "dryline", "date": "2026-10-04"}}, {"type": "Feature", "geometry": {"type": "Point", "coordinates": [-14.5, 25.25]}, "properties": {"source": "dryline", "date": "2026-10-04"}}, {"type": "Feature", "geometry": {"type": "Point", "coordinates": [-13.25, 25.25]}, "properties": {"source": "dryline", "date": "2026-10-04"}}, {"type": "Feature", "geometry": {"type": "Point", "coordinates": [-14.5, 25.0]}, "properties": {"source": "dryline", "date": "2026-10-04"}}, {"type": "Feature", "geometry": {"type": "Point", "coordinates": [-13.5, 25.0]}, "properties": {"source": "dryline", "date": "2026-10-04"}}, {"type": "Feature", "geometry": {"type": "Point", "coordinates": [-13.25, 25.0]}, "properties": {"source": "dryline", "date": "2026-10-04"}}, {"type": "Feature", "geometry": {"type": "Point", "coordinates": [-9.25, 25.0]}, "properties": {"source": "dryline", "date": "2026-10-04"}}, {"type": "Feature", "geometry": {"type": "Point", "coordinates": [-9.0, 25.0]}, "properties": {"source": "dryline", "date": "2026-10-04"}}, {"type": "Feature", "geometry": {"type": "Point", "coordinates": [-8.75, 25.0]}, "properties": {"source": "dryline", "date": "2026-10-04"}}, {"type": "Feature", "geometry": {"type": "Point", "coordinates": [-14.5, 24.75]}, "properties": {"source": "dryline", "date": "2026-10-04"}}, {"type": "Feature", "geometry": {"type": "Point", "coordinates": [-13.75, 24.75]}, "properties": {"source": "dryline", "date": "2026-10-04"}}, {"type": "Feature", "geometry": {"type": "Point", "coordinates": [-13.5, 24.75]}, "properties": {"source": "dryline", "date": "2026-10-04"}}, {"type": "Feature", "geometry": {"type": "Point", "coordinates": [-10.0, 24.75]}, "properties": {"source": "dryline", "date": "2026-10-04"}}, {"type": "Feature", "geometry": {"type": "Point", "coordinates": [-9.75, 24.75]}, "properties": {"source": "dryline", "date": "2026-10-04"}}, {"type": "Feature", "geometry": {"type": "Point", "coordinates": [-9.5, 24.75]}, "properties": {"source": "dryline", "date": "2026-10-04"}}, {"type": "Feature", "geometry": {"type": "Point", "coordinates": [-8.5, 24.75]}, "properties": {"source": "dryline", "date": "2026-10-04"}}, {"type": "Feature", "geometry": {"type": "Point", "coordinates": [-8.25, 24.75]}, "properties": {"source": "dryline", "date": "2026-10-04"}}, {"type": "Feature", "geometry": {"type": "Point", "coordinates": [-8.0, 24.75]}, "properties": {"source": "dryline", "date": "2026-10-04"}}, {"type": "Feature", "geometry": {"type": "Point", "coordinates": [-7.75, 24.75]}, "properties": {"source": "dryline", "date": "2026-10-04"}}, {"type": "Feature", "geometry": {"type": "Point", "coordinates": [-7.5, 24.75]}, "properties": {"source": "dryline", "date": "2026-10-04"}}, {"type": "Feature", "geometry": {"type": "Point", "coordinates": [-7.25, 24.75]}, "properties": {"source": "dryline", "date": "2026-10-04"}}, {"type": "Feature", "geometry": {"type": "Point", "coordinates": [-7.0, 24.75]}, "properties": {"source": "dryline", "date": "2026-10-04"}}, {"type": "Feature", "geometry": {"type": "Point", "coordinates": [-6.75, 24.75]}, "properties": {"source": "dryline", "date": "2026-10-04"}}, {"type": "Feature", "geometry": {"type": "Point", "coordinates": [-6.5, 24.75]}, "properties": {"source": "dryline", "date": "2026-10-04"}}, {"type": "Feature", "geometry": {"type": "Point", "coordinates": [-6.25, 24.75]}, "properties": {"source": "dryline", "date": "2026-10-04"}}, {"type": "Feature", "geometry": {"type": "Point", "coordinates": [-6.0, 24.75]}, "properties": {"source": "dryline", "date": "2026-10-04"}}, {"type": "Feature", "geometry": {"type": "Point", "coordinates": [-5.75, 24.75]}, "properties": {"source": "dryline", "date": "2026-10-04"}}, {"type": "Feature", "geometry": {"type": "Point", "coordinates": [-5.5, 24.75]}, "properties": {"source": "dryline", "date": "2026-10-04"}}, {"type": "Feature", "geometry": {"type": "Point", "coordinates": [3.0, 24.75]}, "properties": {"source": "dryline", "date": "2026-10-04"}}, {"type": "Feature", "geometry": {"type": "Point", "coordinates": [3.25, 24.75]}, "properties": {"source": "dryline", "date": "2026-10-04"}}, {"type": "Feature", "geometry": {"type": "Point", "coordinates": [-14.75, 24.5]}, "properties": {"source": "dryline", "date": "2026-10-04"}}, {"type": "Feature", "geometry": {"type": "Point", "coordinates": [-14.5, 24.5]}, "properties": {"source": "dryline", "date": "2026-10-04"}}, {"type": "Feature", "geometry": {"type": "Point", "coordinates": [-14.25, 24.5]}, "properties": {"source": "dryline", "date": "2026-10-04"}}, {"type": "Feature", "geometry": {"type": "Point", "coordinates": [-14.0, 24.5]}, "properties": {"source": "dryline", "date": "2026-10-04"}}, {"type": "Feature", "geometry": {"type": "Point", "coordinates": [-13.75, 24.5]}, "properties": {"source": "dryline", "date": "2026-10-04"}}, {"type": "Feature", "geometry": {"type": "Point", "coordinates": [-10.25, 24.5]}, "properties": {"source": "dryline", "date": "2026-10-04"}}, {"type": "Feature", "geometry": {"type": "Point", "coordinates": [-5.25, 24.5]}, "properties": {"source": "dryline", "date": "2026-10-04"}}, {"type": "Feature", "geometry": {"type": "Point", "coordinates": [-5.0, 24.5]}, "properties": {"source": "dryline", "date": "2026-10-04"}}, {"type": "Feature", "geometry": {"type": "Point", "coordinates": [-4.75, 24.5]}, "properties": {"source": "dryline", "date": "2026-10-04"}}, {"type": "Feature", "geometry": {"type": "Point", "coordinates": [-4.5, 24.5]}, "properties": {"source": "dryline", "date": "2026-10-04"}}, {"type": "Feature", "geometry": {"type": "Point", "coordinates": [2.5, 24.5]}, "properties": {"source": "dryline", "date": "2026-10-04"}}, {"type": "Feature", "geometry": {"type": "Point", "coordinates": [2.75, 24.5]}, "properties": {"source": "dryline", "date": "2026-10-04"}}, {"type": "Feature", "geometry": {"type": "Point", "coordinates": [-15.0, 24.25]}, "properties": {"source": "dryline", "date": "2026-10-04"}}, {"type": "Feature", "geometry": {"type": "Point", "coordinates": [-14.75, 24.25]}, "properties": {"source": "dryline", "date": "2026-10-04"}}, {"type": "Feature", "geometry": {"type": "Point", "coordinates": [-10.75, 24.25]}, "properties": {"source": "dryline", "date": "2026-10-04"}}, {"type": "Feature", "geometry": {"type": "Point", "coordinates": [-10.5, 24.25]}, "properties": {"source": "dryline", "date": "2026-10-04"}}, {"type": "Feature", "geometry": {"type": "Point", "coordinates": [-4.5, 24.25]}, "properties": {"source": "dryline", "date": "2026-10-04"}}, {"type": "Feature", "geometry": {"type": "Point", "coordinates": [-4.25, 24.25]}, "properties": {"source": "dryline", "date": "2026-10-04"}}, {"type": "Feature", "geometry": {"type": "Point", "coordinates": [-4.0, 24.25]}, "properties": {"source": "dryline", "date": "2026-10-04"}}, {"type": "Feature", "geometry": {"type": "Point", "coordinates": [2.0, 24.25]}, "properties": {"source": "dryline", "date": "2026-10-04"}}, {"type": "Feature", "geometry": {"type": "Point", "coordinates": [2.25, 24.25]}, "properties": {"source": "dryline", "date": "2026-10-04"}}, {"type": "Feature", "geometry": {"type": "Point", "coordinates": [-15.0, 24.0]}, "properties": {"source": "dryline", "date": "2026-10-04"}}, {"type": "Feature", "geometry": {"type": "Point", "coordinates": [-11.25, 24.0]}, "properties": {"source": "dryline", "date": "2026-10-04"}}, {"type": "Feature", "geometry": {"type": "Point", "coordinates": [-11.0, 24.0]}, "properties": {"source": "dryline", "date": "2026-10-04"}}, {"type": "Feature", "geometry": {"type": "Point", "coordinates": [-10.75, 24.0]}, "properties": {"source": "dryline", "date": "2026-10-04"}}, {"type": "Feature", "geometry": {"type": "Point", "coordinates": [-4.0, 24.0]}, "properties": {"source": "dryline", "date": "2026-10-04"}}, {"type": "Feature", "geometry": {"type": "Point", "coordinates": [-3.75, 24.0]}, "properties": {"source": "dryline", "date": "2026-10-04"}}, {"type": "Feature", "geometry": {"type": "Point", "coordinates": [-3.5, 24.0]}, "properties": {"source": "dryline", "date": "2026-10-04"}}, {"type": "Feature", "geometry": {"type": "Point", "coordinates": [1.5, 24.0]}, "properties": {"source": "dryline", "date": "2026-10-04"}}, {"type": "Feature", "geometry": {"type": "Point", "coordinates": [1.75, 24.0]}, "properties": {"source": "dryline", "date": "2026-10-04"}}, {"type": "Feature", "geometry": {"type": "Point", "coordinates": [-15.25, 23.75]}, "properties": {"source": "dryline", "date": "2026-10-04"}}, {"type": "Feature", "geometry": {"type": "Point", "coordinates": [-15.0, 23.75]}, "properties": {"source": "dryline", "date": "2026-10-04"}}, {"type": "Feature", "geometry": {"type": "Point", "coordinates": [-11.75, 23.75]}, "properties": {"source": "dryline", "date": "2026-10-04"}}, {"type": "Feature", "geometry": {"type": "Point", "coordinates": [-11.5, 23.75]}, "properties": {"source": "dryline", "date": "2026-10-04"}}, {"type": "Feature", "geometry": {"type": "Point", "coordinates": [-11.25, 23.75]}, "properties": {"source": "dryline", "date": "2026-10-04"}}, {"type": "Feature", "geometry": {"type": "Point", "coordinates": [-3.5, 23.75]}, "properties": {"source": "dryline", "date": "2026-10-04"}}, {"type": "Feature", "geometry": {"type": "Point", "coordinates": [-3.25, 23.75]}, "properties": {"source": "dryline", "date": "2026-10-04"}}, {"type": "Feature", "geometry": {"type": "Point", "coordinates": [-3.0, 23.75]}, "properties": {"source": "dryline", "date": "2026-10-04"}}, {"type": "Feature", "geometry": {"type": "Point", "coordinates": [-2.75, 23.75]}, "properties": {"source": "dryline", "date": "2026-10-04"}}, {"type": "Feature", "geometry": {"type": "Point", "coordinates": [1.25, 23.75]}, "properties": {"source": "dryline", "date": "2026-10-04"}}, {"type": "Feature", "geometry": {"type": "Point", "coordinates": [1.5, 23.75]}, "properties": {"source": "dryline", "date": "2026-10-04"}}, {"type": "Feature", "geometry": {"type": "Point", "coordinates": [-15.25, 23.5]}, "properties": {"source": "dryline", "date": "2026-10-04"}}, {"type": "Feature", "geometry": {"type": "Point", "coordinates": [-12.25, 23.5]}, "properties": {"source": "dryline", "date": "2026-10-04"}}, {"type": "Feature", "geometry": {"type": "Point", "coordinates": [-12.0, 23.5]}, "properties": {"source": "dryline", "date": "2026-10-04"}}, {"type": "Feature", "geometry": {"type": "Point", "coordinates": [-11.75, 23.5]}, "properties": {"source": "dryline", "date": "2026-10-04"}}, {"type": "Feature", "geometry": {"type": "Point", "coordinates": [-2.75, 23.5]}, "properties": {"source": "dryline", "date": "2026-10-04"}}, {"type": "Feature", "geometry": {"type": "Point", "coordinates": [-2.5, 23.5]}, "properties": {"source": "dryline", "date": "2026-10-04"}}, {"type": "Feature", "geometry": {"type": "Point", "coordinates": [-2.25, 23.5]}, "properties": {"source": "dryline", "date": "2026-10-04"}}, {"type": "Feature", "geometry": {"type": "Point", "coordinates": [0.5, 23.5]}, "properties": {"source": "dryline", "date": "2026-10-04"}}, {"type": "Feature", "geometry": {"type": "Point", "coordinates": [0.75, 23.5]}, "properties": {"source": "dryline", "date": "2026-10-04"}}, {"type": "Feature", "geometry": {"type": "Point", "coordinates": [1.0, 23.5]}, "properties": {"source": "dryline", "date": "2026-10-04"}}, {"type": "Feature", "geometry": {"type": "Point", "coordinates": [1.25, 23.5]}, "properties": {"source": "dryline", "date": "2026-10-04"}}, {"type": "Feature", "geometry": {"type": "Point", "coordinates": [-15.5, 23.25]}, "properties": {"source": "dryline", "date": "2026-10-04"}}, {"type": "Feature", "geometry": {"type": "Point", "coordinates": [-15.25, 23.25]}, "properties": {"source": "dryline", "date": "2026-10-04"}}, {"type": "Feature", "geometry": {"type": "Point", "coordinates": [-12.75, 23.25]}, "properties": {"source": "dryline", "date": "2026-10-04"}}, {"type": "Feature", "geometry": {"type": "Point", "coordinates": [-12.5, 23.25]}, "properties": {"source": "dryline", "date": "2026-10-04"}}, {"type": "Feature", "geometry": {"type": "Point", "coordinates": [-12.25, 23.25]}, "properties": {"source": "dryline", "date": "2026-10-04"}}, {"type": "Feature", "geometry": {"type": "Point", "coordinates": [-2.5, 23.25]}, "properties": {"source": "dryline", "date": "2026-10-04"}}, {"type": "Feature", "geometry": {"type": "Point", "coordinates": [-2.25, 23.25]}, "properties": {"source": "dryline", "date": "2026-10-04"}}, {"type": "Feature", "geometry": {"type": "Point", "coordinates": [-2.0, 23.25]}, "properties": {"source": "dryline", "date": "2026-10-04"}}, {"type": "Feature", "geometry": {"type": "Point", "coordinates": [-1.75, 23.25]}, "properties": {"source": "dryline", "date": "2026-10-04"}}, {"type": "Feature", "geometry": {"type": "Point", "coordinates": [-1.25, 23.25]}, "properties": {"source": "dryline", "date": "2026-10-04"}}, {"type": "Feature", "geometry": {"type": "Point", "coordinates": [-1.0, 23.25]}, "properties": {"source": "dryline", "date": "2026-10-04"}}, {"type": "Feature", "geometry": {"type": "Point", "coordinates": [-0.75, 23.25]}, "properties": {"source": "dryline", "date": "2026-10-04"}}, {"type": "Feature", "geometry": {"type": "Point", "coordinates": [-0.5, 23.25]}, "properties": {"source": "dryline", "date": "2026-10-04"}}, {"type": "Feature", "geometry": {"type": "Point", "coordinates": [-0.25, 23.25]}, "properties": {"source": "dryline", "date": "2026-10-04"}}, {"type": "Feature", "geometry": {"type": "Point", "coordinates": [0.0, 23.25]}, "properties": {"source": "dryline", "date": "2026-10-04"}}, {"type": "Feature", "geometry": {"type": "Point", "coordinates": [0.25, 23.25]}, "properties": {"source": "dryline", "date": "2026-10-04"}}, {"type": "Feature", "geometry": {"type": "Point", "coordinates": [-15.75, 23.0]}, "properties": {"source": "dryline", "date": "2026-10-04"}}, {"type": "Feature", "geometry": {"type": "Point", "coordinates": [-15.5, 23.0]}, "properties": {"source": "dryline", "date": "2026-10-04"}}, {"type": "Feature", "geometry": {"type": "Point", "coordinates": [-13.0, 23.0]}, "properties": {"source": "dryline", "date": "2026-10-04"}}, {"type": "Feature", "geometry": {"type": "Point", "coordinates": [-12.75, 23.0]}, "properties": {"source": "dryline", "date": "2026-10-04"}}, {"type": "Feature", "geometry": {"type": "Point", "coordinates": [-1.5, 23.0]}, "properties": {"source": "dryline", "date": "2026-10-04"}}, {"type": "Feature", "geometry": {"type": "Point", "coordinates": [-1.25, 23.0]}, "properties": {"source": "dryline", "date": "2026-10-04"}}, {"type": "Feature", "geometry": {"type": "Point", "coordinates": [-16.0, 22.75]}, "properties": {"source": "dryline", "date": "2026-10-04"}}, {"type": "Feature", "geometry": {"type": "Point", "coordinates": [-15.75, 22.75]}, "properties": {"source": "dryline", "date": "2026-10-04"}}, {"type": "Feature", "geometry": {"type": "Point", "coordinates": [-13.25, 22.75]}, "properties": {"source": "dryline", "date": "2026-10-04"}}, {"type": "Feature", "geometry": {"type": "Point", "coordinates": [-13.0, 22.75]}, "properties": {"source": "dryline", "date": "2026-10-04"}}, {"type": "Feature", "geometry": {"type": "Point", "coordinates": [-16.0, 22.5]}, "properties": {"source": "dryline", "date": "2026-10-04"}}, {"type": "Feature", "geometry": {"type": "Point", "coordinates": [-13.25, 22.5]}, "properties": {"source": "dryline", "date": "2026-10-04"}}, {"type": "Feature", "geometry": {"type": "Point", "coordinates": [-16.25, 22.25]}, "properties": {"source": "dryline", "date": "2026-10-04"}}, {"type": "Feature", "geometry": {"type": "Point", "coordinates": [-16.0, 22.25]}, "properties": {"source": "dryline", "date": "2026-10-04"}}, {"type": "Feature", "geometry": {"type": "Point", "coordinates": [-13.5, 22.25]}, "properties": {"source": "dryline", "date": "2026-10-04"}}, {"type": "Feature", "geometry": {"type": "Point", "coordinates": [-13.25, 22.25]}, "properties": {"source": "dryline", "date": "2026-10-04"}}, {"type": "Feature", "geometry": {"type": "Point", "coordinates": [-15.75, 22.0]}, "properties": {"source": "dryline", "date": "2026-10-04"}}, {"type": "Feature", "geometry": {"type": "Point", "coordinates": [-15.5, 22.0]}, "properties": {"source": "dryline", "date": "2026-10-04"}}, {"type": "Feature", "geometry": {"type": "Point", "coordinates": [-13.5, 22.0]}, "properties": {"source": "dryline", "date": "2026-10-04"}}, {"type": "Feature", "geometry": {"type": "Point", "coordinates": [-15.5, 21.75]}, "properties": {"source": "dryline", "date": "2026-10-04"}}, {"type": "Feature", "geometry": {"type": "Point", "coordinates": [-13.5, 21.75]}, "properties": {"source": "dryline", "date": "2026-10-04"}}, {"type": "Feature", "geometry": {"type": "Point", "coordinates": [-15.5, 21.5]}, "properties": {"source": "dryline", "date": "2026-10-04"}}, {"type": "Feature", "geometry": {"type": "Point", "coordinates": [-15.25, 21.5]}, "properties": {"source": "dryline", "date": "2026-10-04"}}, {"type": "Feature", "geometry": {"type": "Point", "coordinates": [-13.5, 21.5]}, "properties": {"source": "dryline", "date": "2026-10-04"}}, {"type": "Feature", "geometry": {"type": "Point", "coordinates": [-15.0, 21.25]}, "properties": {"source": "dryline", "date": "2026-10-04"}}, {"type": "Feature", "geometry": {"type": "Point", "coordinates": [-14.75, 21.25]}, "properties": {"source": "dryline", "date": "2026-10-04"}}, {"type": "Feature", "geometry": {"type": "Point", "coordinates": [-14.5, 21.25]}, "properties": {"source": "dryline", "date": "2026-10-04"}}, {"type": "Feature", "geometry": {"type": "Point", "coordinates": [-14.5, 21.0]}, "properties": {"source": "dryline", "date": "2026-10-04"}}, {"type": "Feature", "geometry": {"type": "Point", "coordinates": [-14.25, 21.0]}, "properties": {"source": "dryline", "date": "2026-10-04"}}, {"type": "Feature", "geometry": {"type": "Point", "coordinates": [-14.0, 21.0]}, "properties": {"source": "dryline", "date": "2026-10-04"}}, {"type": "Feature", "geometry": {"type": "Point", "coordinates": [-14.0, 20.75]}, "properties": {"source": "dryline", "date": "2026-10-04"}}, {"type": "Feature", "geometry": {"type": "Point", "coordinates": [-13.75, 20.75]}, "properties": {"source": "dryline", "date": "2026-10-04"}}, {"type": "Feature", "geometry": {"type": "Point", "coordinates": [-14.0, 20.5]}, "properties": {"source": "dryline", "date": "2026-10-04"}}, {"type": "Feature", "geometry": {"type": "Point", "coordinates": [-13.75, 20.5]}, "properties": {"source": "dryline", "date": "2026-10-04"}}, {"type": "Feature", "geometry": {"type": "Point", "coordinates": [-13.75, 20.25]}, "properties": {"source": "dryline", "date": "2026-10-04"}}, {"type": "Feature", "geometry": {"type": "Point", "coordinates": [-13.5, 20.25]}, "properties": {"source": "dryline", "date": "2026-10-04"}}, {"type": "Feature", "geometry": {"type": "Point", "coordinates": [-13.25, 20.25]}, "properties": {"source": "dryline", "date": "2026-10-04"}}, {"type": "Feature", "geometry": {"type": "Point", "coordinates": [-13.0, 20.0]}, "properties": {"source": "dryline", "date": "2026-10-04"}}, {"type": "Feature", "geometry": {"type": "Point", "coordinates": [-12.75, 20.0]}, "properties": {"source": "dryline", "date": "2026-10-04"}}, {"type": "Feature", "geometry": {"type": "Point", "coordinates": [-8.5, 18.25]}, "properties": {"source": "dryline", "date": "2026-10-04"}}, {"type": "Feature", "geometry": {"type": "Point", "coordinates": [-8.25, 18.25]}, "properties": {"source": "dryline", "date": "2026-10-04"}}, {"type": "Feature", "geometry": {"type": "Point", "coordinates": [-8.25, 18.0]}, "properties": {"source": "dryline", "date": "2026-10-04"}}, {"type": "Feature", "geometry": {"type": "Point", "coordinates": [-8.0, 18.0]}, "properties": {"source": "dryline", "date": "2026-10-04"}}, {"type": "Feature", "geometry": {"type": "Point", "coordinates": [-7.75, 18.0]}, "properties": {"source": "dryline", "date": "2026-10-04"}}, {"type": "Feature", "geometry": {"type": "Point", "coordinates": [-7.75, 17.75]}, "properties": {"source": "dryline", "date": "2026-10-04"}}, {"type": "Feature", "geometry": {"type": "Point", "coordinates": [-7.5, 17.75]}, "properties": {"source": "dryline", "date": "2026-10-04"}}, {"type": "Feature", "geometry": {"type": "Point", "coordinates": [38.0, 17.75]}, "properties": {"source": "dryline", "date": "2026-10-04"}}, {"type": "Feature", "geometry": {"type": "Point", "coordinates": [38.25, 17.75]}, "properties": {"source": "dryline", "date": "2026-10-04"}}, {"type": "Feature", "geometry": {"type": "Point", "coordinates": [-7.5, 17.5]}, "properties": {"source": "dryline", "date": "2026-10-04"}}, {"type": "Feature", "geometry": {"type": "Point", "coordinates": [38.25, 17.5]}, "properties": {"source": "dryline", "date": "2026-10-04"}}, {"type": "Feature", "geometry": {"type": "Point", "coordinates": [-7.5, 17.25]}, "properties": {"source": "dryline", "date": "2026-10-04"}}, {"type": "Feature", "geometry": {"type": "Point", "coordinates": [38.25, 17.25]}, "properties": {"source": "dryline", "date": "2026-10-04"}}, {"type": "Feature", "geometry": {"type": "Point", "coordinates": [38.5, 17.25]}, "properties": {"source": "dryline", "date": "2026-10-04"}}, {"type": "Feature", "geometry": {"type": "Point", "coordinates": [-7.5, 17.0]}, "properties": {"source": "dryline", "date": "2026-10-04"}}, {"type": "Feature", "geometry": {"type": "Point", "coordinates": [-7.25, 17.0]}, "properties": {"source": "dryline", "date": "2026-10-04"}}, {"type": "Feature", "geometry": {"type": "Point", "coordinates": [38.5, 17.0]}, "properties": {"source": "dryline", "date": "2026-10-04"}}, {"type": "Feature", "geometry": {"type": "Point", "coordinates": [-7.25, 16.75]}, "properties": {"source": "dryline", "date": "2026-10-04"}}, {"type": "Feature", "geometry": {"type": "Point", "coordinates": [3.5, 16.75]}, "properties": {"source": "dryline", "date": "2026-10-04"}}, {"type": "Feature", "geometry": {"type": "Point", "coordinates": [3.75, 16.75]}, "properties": {"source": "dryline", "date": "2026-10-04"}}, {"type": "Feature", "geometry": {"type": "Point", "coordinates": [4.0, 16.75]}, "properties": {"source": "dryline", "date": "2026-10-04"}}, {"type": "Feature", "geometry": {"type": "Point", "coordinates": [4.25, 16.75]}, "properties": {"source": "dryline", "date": "2026-10-04"}}, {"type": "Feature", "geometry": {"type": "Point", "coordinates": [38.5, 16.75]}, "properties": {"source": "dryline", "date": "2026-10-04"}}, {"type": "Feature", "geometry": {"type": "Point", "coordinates": [-7.25, 16.5]}, "properties": {"source": "dryline", "date": "2026-10-04"}}, {"type": "Feature", "geometry": {"type": "Point", "coordinates": [-7.0, 16.5]}, "properties": {"source": "dryline", "date": "2026-10-04"}}, {"type": "Feature", "geometry": {"type": "Point", "coordinates": [2.5, 16.5]}, "properties": {"source": "dryline", "date": "2026-10-04"}}, {"type": "Feature", "geometry": {"type": "Point", "coordinates": [2.75, 16.5]}, "properties": {"source": "dryline", "date": "2026-10-04"}}, {"type": "Feature", "geometry": {"type": "Point", "coordinates": [3.0, 16.5]}, "properties": {"source": "dryline", "date": "2026-10-04"}}, {"type": "Feature", "geometry": {"type": "Point", "coordinates": [3.25, 16.5]}, "properties": {"source": "dryline", "date": "2026-10-04"}}, {"type": "Feature", "geometry": {"type": "Point", "coordinates": [4.5, 16.5]}, "properties": {"source": "dryline", "date": "2026-10-04"}}, {"type": "Feature", "geometry": {"type": "Point", "coordinates": [4.75, 16.5]}, "properties": {"source": "dryline", "date": "2026-10-04"}}, {"type": "Feature", "geometry": {"type": "Point", "coordinates": [5.0, 16.5]}, "properties": {"source": "dryline", "date": "2026-10-04"}}, {"type": "Feature", "geometry": {"type": "Point", "coordinates": [38.5, 16.5]}, "properties": {"source": "dryline", "date": "2026-10-04"}}, {"type": "Feature", "geometry": {"type": "Point", "coordinates": [-7.0, 16.25]}, "properties": {"source": "dryline", "date": "2026-10-04"}}, {"type": "Feature", "geometry": {"type": "Point", "coordinates": [-6.75, 16.25]}, "properties": {"source": "dryline", "date": "2026-10-04"}}, {"type": "Feature", "geometry": {"type": "Point", "coordinates": [2.0, 16.25]}, "properties": {"source": "dryline", "date": "2026-10-04"}}, {"type": "Feature", "geometry": {"type": "Point", "coordinates": [2.25, 16.25]}, "properties": {"source": "dryline", "date": "2026-10-04"}}, {"type": "Feature", "geometry": {"type": "Point", "coordinates": [5.0, 16.25]}, "properties": {"source": "dryline", "date": "2026-10-04"}}, {"type": "Feature", "geometry": {"type": "Point", "coordinates": [5.25, 16.25]}, "properties": {"source": "dryline", "date": "2026-10-04"}}, {"type": "Feature", "geometry": {"type": "Point", "coordinates": [38.5, 16.25]}, "properties": {"source": "dryline", "date": "2026-10-04"}}, {"type": "Feature", "geometry": {"type": "Point", "coordinates": [38.75, 16.25]}, "properties": {"source": "dryline", "date": "2026-10-04"}}, {"type": "Feature", "geometry": {"type": "Point", "coordinates": [-6.75, 16.0]}, "properties": {"source": "dryline", "date": "2026-10-04"}}, {"type": "Feature", "geometry": {"type": "Point", "coordinates": [1.75, 16.0]}, "properties": {"source": "dryline", "date": "2026-10-04"}}, {"type": "Feature", "geometry": {"type": "Point", "coordinates": [2.0, 16.0]}, "properties": {"source": "dryline", "date": "2026-10-04"}}, {"type": "Feature", "geometry": {"type": "Point", "coordinates": [5.25, 16.0]}, "properties": {"source": "dryline", "date": "2026-10-04"}}, {"type": "Feature", "geometry": {"type": "Point", "coordinates": [38.75, 16.0]}, "properties": {"source": "dryline", "date": "2026-10-04"}}, {"type": "Feature", "geometry": {"type": "Point", "coordinates": [-6.75, 15.75]}, "properties": {"source": "dryline", "date": "2026-10-04"}}, {"type": "Feature", "geometry": {"type": "Point", "coordinates": [-6.5, 15.75]}, "properties": {"source": "dryline", "date": "2026-10-04"}}, {"type": "Feature", "geometry": {"type": "Point", "coordinates": [1.5, 15.75]}, "properties": {"source": "dryline", "date": "2026-10-04"}}, {"type": "Feature", "geometry": {"type": "Point", "coordinates": [1.75, 15.75]}, "properties": {"source": "dryline", "date": "2026-10-04"}}, {"type": "Feature", "geometry": {"type": "Point", "coordinates": [5.5, 15.75]}, "properties": {"source": "dryline", "date": "2026-10-04"}}, {"type": "Feature", "geometry": {"type": "Point", "coordinates": [5.75, 15.75]}, "properties": {"source": "dryline", "date": "2026-10-04"}}, {"type": "Feature", "geometry": {"type": "Point", "coordinates": [19.75, 15.75]}, "properties": {"source": "dryline", "date": "2026-10-04"}}, {"type": "Feature", "geometry": {"type": "Point", "coordinates": [20.0, 15.75]}, "properties": {"source": "dryline", "date": "2026-10-04"}}, {"type": "Feature", "geometry": {"type": "Point", "coordinates": [20.25, 15.75]}, "properties": {"source": "dryline", "date": "2026-10-04"}}, {"type": "Feature", "geometry": {"type": "Point", "coordinates": [20.5, 15.75]}, "properties": {"source": "dryline", "date": "2026-10-04"}}, {"type": "Feature", "geometry": {"type": "Point", "coordinates": [20.75, 15.75]}, "properties": {"source": "dryline", "date": "2026-10-04"}}, {"type": "Feature", "geometry": {"type": "Point", "coordinates": [21.0, 15.75]}, "properties": {"source": "dryline", "date": "2026-10-04"}}, {"type": "Feature", "geometry": {"type": "Point", "coordinates": [21.25, 15.75]}, "properties": {"source": "dryline", "date": "2026-10-04"}}, {"type": "Feature", "geometry": {"type": "Point", "coordinates": [38.75, 15.75]}, "properties": {"source": "dryline", "date": "2026-10-04"}}, {"type": "Feature", "geometry": {"type": "Point", "coordinates": [-6.5, 15.5]}, "properties": {"source": "dryline", "date": "2026-10-04"}}, {"type": "Feature", "geometry": {"type": "Point", "coordinates": [-0.5, 15.5]}, "properties": {"source": "dryline", "date": "2026-10-04"}}, {"type": "Feature", "geometry": {"type": "Point", "coordinates": [1.25, 15.5]}, "properties": {"source": "dryline", "date": "2026-10-04"}}, {"type": "Feature", "geometry": {"type": "Point", "coordinates": [1.5, 15.5]}, "properties": {"source": "dryline", "date": "2026-10-04"}}, {"type": "Feature", "geometry": {"type": "Point", "coordinates": [5.75, 15.5]}, "properties": {"source": "dryline", "date": "2026-10-04"}}, {"type": "Feature", "geometry": {"type": "Point", "coordinates": [6.0, 15.5]}, "properties": {"source": "dryline", "date": "2026-10-04"}}, {"type": "Feature", "geometry": {"type": "Point", "coordinates": [19.75, 15.5]}, "properties": {"source": "dryline", "date": "2026-10-04"}}, {"type": "Feature", "geometry": {"type": "Point", "coordinates": [21.25, 15.5]}, "properties": {"source": "dryline", "date": "2026-10-04"}}, {"type": "Feature", "geometry": {"type": "Point", "coordinates": [21.5, 15.5]}, "properties": {"source": "dryline", "date": "2026-10-04"}}, {"type": "Feature", "geometry": {"type": "Point", "coordinates": [38.75, 15.5]}, "properties": {"source": "dryline", "date": "2026-10-04"}}, {"type": "Feature", "geometry": {"type": "Point", "coordinates": [39.0, 15.5]}, "properties": {"source": "dryline", "date": "2026-10-04"}}, {"type": "Feature", "geometry": {"type": "Point", "coordinates": [-6.5, 15.25]}, "properties": {"source": "dryline", "date": "2026-10-04"}}, {"type": "Feature", "geometry": {"type": "Point", "coordinates": [-6.25, 15.25]}, "properties": {"source": "dryline", "date": "2026-10-04"}}, {"type": "Feature", "geometry": {"type": "Point", "coordinates": [-0.25, 15.25]}, "properties": {"source": "dryline", "date": "2026-10-04"}}, {"type": "Feature", "geometry": {"type": "Point", "coordinates": [0.0, 15.25]}, "properties": {"source": "dryline", "date": "2026-10-04"}}, {"type": "Feature", "geometry": {"type": "Point", "coordinates": [0.25, 15.25]}, "properties": {"source": "dryline", "date": "2026-10-04"}}, {"type": "Feature", "geometry": {"type": "Point", "coordinates": [0.5, 15.25]}, "properties": {"source": "dryline", "date": "2026-10-04"}}, {"type": "Feature", "geometry": {"type": "Point", "coordinates": [0.75, 15.25]}, "properties": {"source": "dryline", "date": "2026-10-04"}}, {"type": "Feature", "geometry": {"type": "Point", "coordinates": [1.0, 15.25]}, "properties": {"source": "dryline", "date": "2026-10-04"}}, {"type": "Feature", "geometry": {"type": "Point", "coordinates": [1.25, 15.25]}, "properties": {"source": "dryline", "date": "2026-10-04"}}, {"type": "Feature", "geometry": {"type": "Point", "coordinates": [6.0, 15.25]}, "properties": {"source": "dryline", "date": "2026-10-04"}}, {"type": "Feature", "geometry": {"type": "Point", "coordinates": [10.75, 15.25]}, "properties": {"source": "dryline", "date": "2026-10-04"}}, {"type": "Feature", "geometry": {"type": "Point", "coordinates": [11.0, 15.25]}, "properties": {"source": "dryline", "date": "2026-10-04"}}, {"type": "Feature", "geometry": {"type": "Point", "coordinates": [19.75, 15.25]}, "properties": {"source": "dryline", "date": "2026-10-04"}}, {"type": "Feature", "geometry": {"type": "Point", "coordinates": [21.5, 15.25]}, "properties": {"source": "dryline", "date": "2026-10-04"}}, {"type": "Feature", "geometry": {"type": "Point", "coordinates": [21.75, 15.25]}, "properties": {"source": "dryline", "date": "2026-10-04"}}, {"type": "Feature", "geometry": {"type": "Point", "coordinates": [39.0, 15.25]}, "properties": {"source": "dryline", "date": "2026-10-04"}}, {"type": "Feature", "geometry": {"type": "Point", "coordinates": [39.25, 15.25]}, "properties": {"source": "dryline", "date": "2026-10-04"}}, {"type": "Feature", "geometry": {"type": "Point", "coordinates": [-6.25, 15.0]}, "properties": {"source": "dryline", "date": "2026-10-04"}}, {"type": "Feature", "geometry": {"type": "Point", "coordinates": [-6.0, 15.0]}, "properties": {"source": "dryline", "date": "2026-10-04"}}, {"type": "Feature", "geometry": {"type": "Point", "coordinates": [-5.75, 15.0]}, "properties": {"source": "dryline", "date": "2026-10-04"}}, {"type": "Feature", "geometry": {"type": "Point", "coordinates": [6.0, 15.0]}, "properties": {"source": "dryline", "date": "2026-10-04"}}, {"type": "Feature", "geometry": {"type": "Point", "coordinates": [6.25, 15.0]}, "properties": {"source": "dryline", "date": "2026-10-04"}}, {"type": "Feature", "geometry": {"type": "Point", "coordinates": [10.25, 15.0]}, "properties": {"source": "dryline", "date": "2026-10-04"}}, {"type": "Feature", "geometry": {"type": "Point", "coordinates": [10.5, 15.0]}, "properties": {"source": "dryline", "date": "2026-10-04"}}, {"type": "Feature", "geometry": {"type": "Point", "coordinates": [10.75, 15.0]}, "properties": {"source": "dryline", "date": "2026-10-04"}}, {"type": "Feature", "geometry": {"type": "Point", "coordinates": [11.25, 15.0]}, "properties": {"source": "dryline", "date": "2026-10-04"}}, {"type": "Feature", "geometry": {"type": "Point", "coordinates": [11.5, 15.0]}, "properties": {"source": "dryline", "date": "2026-10-04"}}, {"type": "Feature", "geometry": {"type": "Point", "coordinates": [11.75, 15.0]}, "properties": {"source": "dryline", "date": "2026-10-04"}}, {"type": "Feature", "geometry": {"type": "Point", "coordinates": [19.75, 15.0]}, "properties": {"source": "dryline", "date": "2026-10-04"}}, {"type": "Feature", "geometry": {"type": "Point", "coordinates": [21.75, 15.0]}, "properties": {"source": "dryline", "date": "2026-10-04"}}, {"type": "Feature", "geometry": {"type": "Point", "coordinates": [39.25, 15.0]}, "properties": {"source": "dryline", "date": "2026-10-04"}}, {"type": "Feature", "geometry": {"type": "Point", "coordinates": [39.5, 15.0]}, "properties": {"source": "dryline", "date": "2026-10-04"}}, {"type": "Feature", "geometry": {"type": "Point", "coordinates": [-5.5, 14.75]}, "properties": {"source": "dryline", "date": "2026-10-04"}}, {"type": "Feature", "geometry": {"type": "Point", "coordinates": [-5.25, 14.75]}, "properties": {"source": "dryline", "date": "2026-10-04"}}, {"type": "Feature", "geometry": {"type": "Point", "coordinates": [6.25, 14.75]}, "properties": {"source": "dryline", "date": "2026-10-04"}}, {"type": "Feature", "geometry": {"type": "Point", "coordinates": [6.5, 14.75]}, "properties": {"source": "dryline", "date": "2026-10-04"}}, {"type": "Feature", "geometry": {"type": "Point", "coordinates": [6.75, 14.75]}, "properties": {"source": "dryline", "date": "2026-10-04"}}, {"type": "Feature", "geometry": {"type": "Point", "coordinates": [10.0, 14.75]}, "properties": {"source": "dryline", "date": "2026-10-04"}}, {"type": "Feature", "geometry": {"type": "Point", "coordinates": [10.25, 14.75]}, "properties": {"source": "dryline", "date": "2026-10-04"}}, {"type": "Feature", "geometry": {"type": "Point", "coordinates": [12.0, 14.75]}, "properties": {"source": "dryline", "date": "2026-10-04"}}, {"type": "Feature", "geometry": {"type": "Point", "coordinates": [12.25, 14.75]}, "properties": {"source": "dryline", "date": "2026-10-04"}}, {"type": "Feature", "geometry": {"type": "Point", "coordinates": [12.5, 14.75]}, "properties": {"source": "dryline", "date": "2026-10-04"}}, {"type": "Feature", "geometry": {"type": "Point", "coordinates": [19.75, 14.75]}, "properties": {"source": "dryline", "date": "2026-10-04"}}, {"type": "Feature", "geometry": {"type": "Point", "coordinates": [21.75, 14.75]}, "properties": {"source": "dryline", "date": "2026-10-04"}}, {"type": "Feature", "geometry": {"type": "Point", "coordinates": [22.0, 14.75]}, "properties": {"source": "dryline", "date": "2026-10-04"}}, {"type": "Feature", "geometry": {"type": "Point", "coordinates": [39.5, 14.75]}, "properties": {"source": "dryline", "date": "2026-10-04"}}, {"type": "Feature", "geometry": {"type": "Point", "coordinates": [39.75, 14.75]}, "properties": {"source": "dryline", "date": "2026-10-04"}}, {"type": "Feature", "geometry": {"type": "Point", "coordinates": [-5.0, 14.5]}, "properties": {"source": "dryline", "date": "2026-10-04"}}, {"type": "Feature", "geometry": {"type": "Point", "coordinates": [-4.75, 14.5]}, "properties": {"source": "dryline", "date": "2026-10-04"}}, {"type": "Feature", "geometry": {"type": "Point", "coordinates": [6.75, 14.5]}, "properties": {"source": "dryline", "date": "2026-10-04"}}, {"type": "Feature", "geometry": {"type": "Point", "coordinates": [7.0, 14.5]}, "properties": {"source": "dryline", "date": "2026-10-04"}}, {"type": "Feature", "geometry": {"type": "Point", "coordinates": [7.25, 14.5]}, "properties": {"source": "dryline", "date": "2026-10-04"}}, {"type": "Feature", "geometry": {"type": "Point", "coordinates": [7.5, 14.5]}, "properties": {"source": "dryline", "date": "2026-10-04"}}, {"type": "Feature", "geometry": {"type": "Point", "coordinates": [7.75, 14.5]}, "properties": {"source": "dryline", "date": "2026-10-04"}}, {"type": "Feature", "geometry": {"type": "Point", "coordinates": [8.0, 14.5]}, "properties": {"source": "dryline", "date": "2026-10-04"}}, {"type": "Feature", "geometry": {"type": "Point", "coordinates": [8.25, 14.5]}, "properties": {"source": "dryline", "date": "2026-10-04"}}, {"type": "Feature", "geometry": {"type": "Point", "coordinates": [9.75, 14.5]}, "properties": {"source": "dryline", "date": "2026-10-04"}}, {"type": "Feature", "geometry": {"type": "Point", "coordinates": [10.0, 14.5]}, "properties": {"source": "dryline", "date": "2026-10-04"}}, {"type": "Feature", "geometry": {"type": "Point", "coordinates": [12.5, 14.5]}, "properties": {"source": "dryline", "date": "2026-10-04"}}, {"type": "Feature", "geometry": {"type": "Point", "coordinates": [12.75, 14.5]}, "properties": {"source": "dryline", "date": "2026-10-04"}}, {"type": "Feature", "geometry": {"type": "Point", "coordinates": [13.0, 14.5]}, "properties": {"source": "dryline", "date": "2026-10-04"}}, {"type": "Feature", "geometry": {"type": "Point", "coordinates": [19.5, 14.5]}, "properties": {"source": "dryline", "date": "2026-10-04"}}, {"type": "Feature", "geometry": {"type": "Point", "coordinates": [22.0, 14.5]}, "properties": {"source": "dryline", "date": "2026-10-04"}}, {"type": "Feature", "geometry": {"type": "Point", "coordinates": [39.75, 14.5]}, "properties": {"source": "dryline", "date": "2026-10-04"}}, {"type": "Feature", "geometry": {"type": "Point", "coordinates": [-4.75, 14.25]}, "properties": {"source": "dryline", "date": "2026-10-04"}}, {"type": "Feature", "geometry": {"type": "Point", "coordinates": [-4.5, 14.25]}, "properties": {"source": "dryline", "date": "2026-10-04"}}, {"type": "Feature", "geometry": {"type": "Point", "coordinates": [8.5, 14.25]}, "properties": {"source": "dryline", "date": "2026-10-04"}}, {"type": "Feature", "geometry": {"type": "Point", "coordinates": [8.75, 14.25]}, "properties": {"source": "dryline", "date": "2026-10-04"}}, {"type": "Feature", "geometry": {"type": "Point", "coordinates": [9.0, 14.25]}, "properties": {"source": "dryline", "date": "2026-10-04"}}, {"type": "Feature", "geometry": {"type": "Point", "coordinates": [9.25, 14.25]}, "properties": {"source": "dryline", "date": "2026-10-04"}}, {"type": "Feature", "geometry": {"type": "Point", "coordinates": [9.5, 14.25]}, "properties": {"source": "dryline", "date": "2026-10-04"}}, {"type": "Feature", "geometry": {"type": "Point", "coordinates": [9.75, 14.25]}, "properties": {"source": "dryline", "date": "2026-10-04"}}, {"type": "Feature", "geometry": {"type": "Point", "coordinates": [13.0, 14.25]}, "properties": {"source": "dryline", "date": "2026-10-04"}}, {"type": "Feature", "geometry": {"type": "Point", "coordinates": [13.25, 14.25]}, "properties": {"source": "dryline", "date": "2026-10-04"}}, {"type": "Feature", "geometry": {"type": "Point", "coordinates": [13.5, 14.25]}, "properties": {"source": "dryline", "date": "2026-10-04"}}, {"type": "Feature", "geometry": {"type": "Point", "coordinates": [13.75, 14.25]}, "properties": {"source": "dryline", "date": "2026-10-04"}}, {"type": "Feature", "geometry": {"type": "Point", "coordinates": [14.0, 14.25]}, "properties": {"source": "dryline", "date": "2026-10-04"}}, {"type": "Feature", "geometry": {"type": "Point", "coordinates": [19.5, 14.25]}, "properties": {"source": "dryline", "date": "2026-10-04"}}, {"type": "Feature", "geometry": {"type": "Point", "coordinates": [22.0, 14.25]}, "properties": {"source": "dryline", "date": "2026-10-04"}}, {"type": "Feature", "geometry": {"type": "Point", "coordinates": [39.75, 14.25]}, "properties": {"source": "dryline", "date": "2026-10-04"}}, {"type": "Feature", "geometry": {"type": "Point", "coordinates": [-4.5, 14.0]}, "properties": {"source": "dryline", "date": "2026-10-04"}}, {"type": "Feature", "geometry": {"type": "Point", "coordinates": [-4.25, 14.0]}, "properties": {"source": "dryline", "date": "2026-10-04"}}, {"type": "Feature", "geometry": {"type": "Point", "coordinates": [14.25, 14.0]}, "properties": {"source": "dryline", "date": "2026-10-04"}}, {"type": "Feature", "geometry": {"type": "Point", "coordinates": [14.5, 14.0]}, "properties": {"source": "dryline", "date": "2026-10-04"}}, {"type": "Feature", "geometry": {"type": "Point", "coordinates": [19.25, 14.0]}, "properties": {"source": "dryline", "date": "2026-10-04"}}, {"type": "Feature", "geometry": {"type": "Point", "coordinates": [22.0, 14.0]}, "properties": {"source": "dryline", "date": "2026-10-04"}}, {"type": "Feature", "geometry": {"type": "Point", "coordinates": [22.25, 14.0]}, "properties": {"source": "dryline", "date": "2026-10-04"}}, {"type": "Feature", "geometry": {"type": "Point", "coordinates": [39.75, 14.0]}, "properties": {"source": "dryline", "date": "2026-10-04"}}, {"type": "Feature", "geometry": {"type": "Point", "coordinates": [-4.25, 13.75]}, "properties": {"source": "dryline", "date": "2026-10-04"}}, {"type": "Feature", "geometry": {"type": "Point", "coordinates": [14.5, 13.75]}, "properties": {"source": "dryline", "date": "2026-10-04"}}, {"type": "Feature", "geometry": {"type": "Point", "coordinates": [14.75, 13.75]}, "properties": {"source": "dryline", "date": "2026-10-04"}}, {"type": "Feature", "geometry": {"type": "Point", "coordinates": [15.0, 13.75]}, "properties": {"source": "dryline", "date": "2026-10-04"}}, {"type": "Feature", "geometry": {"type": "Point", "coordinates": [19.25, 13.75]}, "properties": {"source": "dryline", "date": "2026-10-04"}}, {"type": "Feature", "geometry": {"type": "Point", "coordinates": [39.75, 13.75]}, "properties": {"source": "dryline", "date": "2026-10-04"}}, {"type": "Feature", "geometry": {"type": "Point", "coordinates": [-4.25, 13.5]}, "properties": {"source": "dryline", "date": "2026-10-04"}}, {"type": "Feature", "geometry": {"type": "Point", "coordinates": [-4.0, 13.5]}, "properties": {"source": "dryline", "date": "2026-10-04"}}, {"type": "Feature", "geometry": {"type": "Point", "coordinates": [1.75, 13.5]}, "properties": {"source": "dryline", "date": "2026-10-04"}}, {"type": "Feature", "geometry": {"type": "Point", "coordinates": [15.0, 13.5]}, "properties": {"source": "dryline", "date": "2026-10-04"}}, {"type": "Feature", "geometry": {"type": "Point", "coordinates": [15.25, 13.5]}, "properties": {"source": "dryline", "date": "2026-10-04"}}, {"type": "Feature", "geometry": {"type": "Point", "coordinates": [18.75, 13.5]}, "properties": {"source": "dryline", "date": "2026-10-04"}}, {"type": "Feature", "geometry": {"type": "Point", "coordinates": [19.0, 13.5]}, "properties": {"source": "dryline", "date": "2026-10-04"}}, {"type": "Feature", "geometry": {"type": "Point", "coordinates": [19.25, 13.5]}, "properties": {"source": "dryline", "date": "2026-10-04"}}, {"type": "Feature", "geometry": {"type": "Point", "coordinates": [35.75, 13.5]}, "properties": {"source": "dryline", "date": "2026-10-04"}}, {"type": "Feature", "geometry": {"type": "Point", "coordinates": [38.25, 13.5]}, "properties": {"source": "dryline", "date": "2026-10-04"}}, {"type": "Feature", "geometry": {"type": "Point", "coordinates": [38.5, 13.5]}, "properties": {"source": "dryline", "date": "2026-10-04"}}, {"type": "Feature", "geometry": {"type": "Point", "coordinates": [39.75, 13.5]}, "properties": {"source": "dryline", "date": "2026-10-04"}}, {"type": "Feature", "geometry": {"type": "Point", "coordinates": [-4.0, 13.25]}, "properties": {"source": "dryline", "date": "2026-10-04"}}, {"type": "Feature", "geometry": {"type": "Point", "coordinates": [-3.75, 13.25]}, "properties": {"source": "dryline", "date": "2026-10-04"}}, {"type": "Feature", "geometry": {"type": "Point", "coordinates": [1.0, 13.25]}, "properties": {"source": "dryline", "date": "2026-10-04"}}, {"type": "Feature", "geometry": {"type": "Point", "coordinates": [1.25, 13.25]}, "properties": {"source": "dryline", "date": "2026-10-04"}}, {"type": "Feature", "geometry": {"type": "Point", "coordinates": [1.5, 13.25]}, "properties": {"source": "dryline", "date": "2026-10-04"}}, {"type": "Feature", "geometry": {"type": "Point", "coordinates": [1.75, 13.25]}, "properties": {"source": "dryline", "date": "2026-10-04"}}, {"type": "Feature", "geometry": {"type": "Point", "coordinates": [15.25, 13.25]}, "properties": {"source": "dryline", "date": "2026-10-04"}}, {"type": "Feature", "geometry": {"type": "Point", "coordinates": [15.5, 13.25]}, "properties": {"source": "dryline", "date": "2026-10-04"}}, {"type": "Feature", "geometry": {"type": "Point", "coordinates": [18.0, 13.25]}, "properties": {"source": "dryline", "date": "2026-10-04"}}, {"type": "Feature", "geometry": {"type": "Point", "coordinates": [18.25, 13.25]}, "properties": {"source": "dryline", "date": "2026-10-04"}}, {"type": "Feature", "geometry": {"type": "Point", "coordinates": [18.5, 13.25]}, "properties": {"source": "dryline", "date": "2026-10-04"}}, {"type": "Feature", "geometry": {"type": "Point", "coordinates": [18.75, 13.25]}, "properties": {"source": "dryline", "date": "2026-10-04"}}, {"type": "Feature", "geometry": {"type": "Point", "coordinates": [35.25, 13.25]}, "properties": {"source": "dryline", "date": "2026-10-04"}}, {"type": "Feature", "geometry": {"type": "Point", "coordinates": [35.5, 13.25]}, "properties": {"source": "dryline", "date": "2026-10-04"}}, {"type": "Feature", "geometry": {"type": "Point", "coordinates": [36.0, 13.25]}, "properties": {"source": "dryline", "date": "2026-10-04"}}, {"type": "Feature", "geometry": {"type": "Point", "coordinates": [36.25, 13.25]}, "properties": {"source": "dryline", "date": "2026-10-04"}}, {"type": "Feature", "geometry": {"type": "Point", "coordinates": [37.5, 13.25]}, "properties": {"source": "dryline", "date": "2026-10-04"}}, {"type": "Feature", "geometry": {"type": "Point", "coordinates": [37.75, 13.25]}, "properties": {"source": "dryline", "date": "2026-10-04"}}, {"type": "Feature", "geometry": {"type": "Point", "coordinates": [38.0, 13.25]}, "properties": {"source": "dryline", "date": "2026-10-04"}}, {"type": "Feature", "geometry": {"type": "Point", "coordinates": [39.75, 13.25]}, "properties": {"source": "dryline", "date": "2026-10-04"}}, {"type": "Feature", "geometry": {"type": "Point", "coordinates": [-3.75, 13.0]}, "properties": {"source": "dryline", "date": "2026-10-04"}}, {"type": "Feature", "geometry": {"type": "Point", "coordinates": [-3.5, 13.0]}, "properties": {"source": "dryline", "date": "2026-10-04"}}, {"type": "Feature", "geometry": {"type": "Point", "coordinates": [0.75, 13.0]}, "properties": {"source": "dryline", "date": "2026-10-04"}}, {"type": "Feature", "geometry": {"type": "Point", "coordinates": [15.5, 13.0]}, "properties": {"source": "dryline", "date": "2026-10-04"}}, {"type": "Feature", "geometry": {"type": "Point", "coordinates": [15.75, 13.0]}, "properties": {"source": "dryline", "date": "2026-10-04"}}, {"type": "Feature", "geometry": {"type": "Point", "coordinates": [16.0, 13.0]}, "properties": {"source": "dryline", "date": "2026-10-04"}}, {"type": "Feature", "geometry": {"type": "Point", "coordinates": [16.25, 13.0]}, "properties": {"source": "dryline", "date": "2026-10-04"}}, {"type": "Feature", "geometry": {"type": "Point", "coordinates": [16.5, 13.0]}, "properties": {"source": "dryline", "date": "2026-10-04"}}, {"type": "Feature", "geometry": {"type": "Point", "coordinates": [16.75, 13.0]}, "properties": {"source": "dryline", "date": "2026-10-04"}}, {"type": "Feature", "geometry": {"type": "Point", "coordinates": [17.0, 13.0]}, "properties": {"source": "dryline", "date": "2026-10-04"}}, {"type": "Feature", "geometry": {"type": "Point", "coordinates": [17.25, 13.0]}, "properties": {"source": "dryline", "date": "2026-10-04"}}, {"type": "Feature", "geometry": {"type": "Point", "coordinates": [17.5, 13.0]}, "properties": {"source": "dryline", "date": "2026-10-04"}}, {"type": "Feature", "geometry": {"type": "Point", "coordinates": [17.75, 13.0]}, "properties": {"source": "dryline", "date": "2026-10-04"}}, {"type": "Feature", "geometry": {"type": "Point", "coordinates": [35.0, 13.0]}, "properties": {"source": "dryline", "date": "2026-10-04"}}, {"type": "Feature", "geometry": {"type": "Point", "coordinates": [36.5, 13.0]}, "properties": {"source": "dryline", "date": "2026-10-04"}}, {"type": "Feature", "geometry": {"type": "Point", "coordinates": [36.75, 13.0]}, "properties": {"source": "dryline", "date": "2026-10-04"}}, {"type": "Feature", "geometry": {"type": "Point", "coordinates": [37.0, 13.0]}, "properties": {"source": "dryline", "date": "2026-10-04"}}, {"type": "Feature", "geometry": {"type": "Point", "coordinates": [37.25, 13.0]}, "properties": {"source": "dryline", "date": "2026-10-04"}}, {"type": "Feature", "geometry": {"type": "Point", "coordinates": [39.75, 13.0]}, "properties": {"source": "dryline", "date": "2026-10-04"}}, {"type": "Feature", "geometry": {"type": "Point", "coordinates": [-3.25, 12.75]}, "properties": {"source": "dryline", "date": "2026-10-04"}}, {"type": "Feature", "geometry": {"type": "Point", "coordinates": [-3.0, 12.75]}, "properties": {"source": "dryline", "date": "2026-10-04"}}, {"type": "Feature", "geometry": {"type": "Point", "coordinates": [0.25, 12.75]}, "properties": {"source": "dryline", "date": "2026-10-04"}}, {"type": "Feature", "geometry": {"type": "Point", "coordinates": [0.5, 12.75]}, "properties": {"source": "dryline", "date": "2026-10-04"}}, {"type": "Feature", "geometry": {"type": "Point", "coordinates": [15.5, 12.75]}, "properties": {"source": "dryline", "date": "2026-10-04"}}, {"type": "Feature", "geometry": {"type": "Point", "coordinates": [36.75, 12.75]}, "properties": {"source": "dryline", "date": "2026-10-04"}}, {"type": "Feature", "geometry": {"type": "Point", "coordinates": [39.75, 12.75]}, "properties": {"source": "dryline", "date": "2026-10-04"}}, {"type": "Feature", "geometry": {"type": "Point", "coordinates": [-3.0, 12.5]}, "properties": {"source": "dryline", "date": "2026-10-04"}}, {"type": "Feature", "geometry": {"type": "Point", "coordinates": [-2.75, 12.5]}, "properties": {"source": "dryline", "date": "2026-10-04"}}, {"type": "Feature", "geometry": {"type": "Point", "coordinates": [-2.5, 12.5]}, "properties": {"source": "dryline", "date": "2026-10-04"}}, {"type": "Feature", "geometry": {"type": "Point", "coordinates": [-2.25, 12.5]}, "properties": {"source": "dryline", "date": "2026-10-04"}}, {"type": "Feature", "geometry": {"type": "Point", "coordinates": [-1.0, 12.5]}, "properties": {"source": "dryline", "date": "2026-10-04"}}, {"type": "Feature", "geometry": {"type": "Point", "coordinates": [-0.75, 12.5]}, "properties": {"source": "dryline", "date": "2026-10-04"}}, {"type": "Feature", "geometry": {"type": "Point", "coordinates": [-0.5, 12.5]}, "properties": {"source": "dryline", "date": "2026-10-04"}}, {"type": "Feature", "geometry": {"type": "Point", "coordinates": [-0.25, 12.5]}, "properties": {"source": "dryline", "date": "2026-10-04"}}, {"type": "Feature", "geometry": {"type": "Point", "coordinates": [0.0, 12.5]}, "properties": {"source": "dryline", "date": "2026-10-04"}}, {"type": "Feature", "geometry": {"type": "Point", "coordinates": [36.5, 12.5]}, "properties": {"source": "dryline", "date": "2026-10-04"}}, {"type": "Feature", "geometry": {"type": "Point", "coordinates": [39.75, 12.5]}, "properties": {"source": "dryline", "date": "2026-10-04"}}, {"type": "Feature", "geometry": {"type": "Point", "coordinates": [-2.0, 12.25]}, "properties": {"source": "dryline", "date": "2026-10-04"}}, {"type": "Feature", "geometry": {"type": "Point", "coordinates": [-1.75, 12.25]}, "properties": {"source": "dryline", "date": "2026-10-04"}}, {"type": "Feature", "geometry": {"type": "Point", "coordinates": [-1.5, 12.25]}, "properties": {"source": "dryline", "date": "2026-10-04"}}, {"type": "Feature", "geometry": {"type": "Point", "coordinates": [-1.25, 12.25]}, "properties": {"source": "dryline", "date": "2026-10-04"}}, {"type": "Feature", "geometry": {"type": "Point", "coordinates": [36.5, 12.25]}, "properties": {"source": "dryline", "date": "2026-10-04"}}, {"type": "Feature", "geometry": {"type": "Point", "coordinates": [36.75, 12.25]}, "properties": {"source": "dryline", "date": "2026-10-04"}}, {"type": "Feature", "geometry": {"type": "Point", "coordinates": [39.75, 12.25]}, "properties": {"source": "dryline", "date": "2026-10-04"}}, {"type": "Feature", "geometry": {"type": "Point", "coordinates": [40.0, 12.25]}, "properties": {"source": "dryline", "date": "2026-10-04"}}, {"type": "Feature", "geometry": {"type": "Point", "coordinates": [36.5, 12.0]}, "properties": {"source": "dryline", "date": "2026-10-04"}}, {"type": "Feature", "geometry": {"type": "Point", "coordinates": [36.75, 12.0]}, "properties": {"source": "dryline", "date": "2026-10-04"}}, {"type": "Feature", "geometry": {"type": "Point", "coordinates": [40.0, 12.0]}, "properties": {"source": "dryline", "date": "2026-10-04"}}, {"type": "Feature", "geometry": {"type": "Point", "coordinates": [37.0, 11.75]}, "properties": {"source": "dryline", "date": "2026-10-04"}}, {"type": "Feature", "geometry": {"type": "Point", "coordinates": [40.0, 11.75]}, "properties": {"source": "dryline", "date": "2026-10-04"}}, {"type": "Feature", "geometry": {"type": "Point", "coordinates": [50.5, 11.75]}, "properties": {"source": "dryline", "date": "2026-10-04"}}, {"type": "Feature", "geometry": {"type": "Point", "coordinates": [50.75, 11.75]}, "properties": {"source": "dryline", "date": "2026-10-04"}}, {"type": "Feature", "geometry": {"type": "Point", "coordinates": [51.0, 11.75]}, "properties": {"source": "dryline", "date": "2026-10-04"}}, {"type": "Feature", "geometry": {"type": "Point", "coordinates": [37.25, 11.5]}, "properties": {"source": "dryline", "date": "2026-10-04"}}, {"type": "Feature", "geometry": {"type": "Point", "coordinates": [40.0, 11.5]}, "properties": {"source": "dryline", "date": "2026-10-04"}}, {"type": "Feature", "geometry": {"type": "Point", "coordinates": [40.25, 11.5]}, "properties": {"source": "dryline", "date": "2026-10-04"}}, {"type": "Feature", "geometry": {"type": "Point", "coordinates": [51.0, 11.5]}, "properties": {"source": "dryline", "date": "2026-10-04"}}, {"type": "Feature", "geometry": {"type": "Point", "coordinates": [37.0, 11.25]}, "properties": {"source": "dryline", "date": "2026-10-04"}}, {"type": "Feature", "geometry": {"type": "Point", "coordinates": [40.25, 11.25]}, "properties": {"source": "dryline", "date": "2026-10-04"}}, {"type": "Feature", "geometry": {"type": "Point", "coordinates": [51.0, 11.25]}, "properties": {"source": "dryline", "date": "2026-10-04"}}, {"type": "Feature", "geometry": {"type": "Point", "coordinates": [37.0, 11.0]}, "properties": {"source": "dryline", "date": "2026-10-04"}}, {"type": "Feature", "geometry": {"type": "Point", "coordinates": [40.25, 11.0]}, "properties": {"source": "dryline", "date": "2026-10-04"}}, {"type": "Feature", "geometry": {"type": "Point", "coordinates": [40.5, 11.0]}, "properties": {"source": "dryline", "date": "2026-10-04"}}, {"type": "Feature", "geometry": {"type": "Point", "coordinates": [51.0, 11.0]}, "properties": {"source": "dryline", "date": "2026-10-04"}}, {"type": "Feature", "geometry": {"type": "Point", "coordinates": [36.75, 10.75]}, "properties": {"source": "dryline", "date": "2026-10-04"}}, {"type": "Feature", "geometry": {"type": "Point", "coordinates": [40.5, 10.75]}, "properties": {"source": "dryline", "date": "2026-10-04"}}, {"type": "Feature", "geometry": {"type": "Point", "coordinates": [50.75, 10.75]}, "properties": {"source": "dryline", "date": "2026-10-04"}}, {"type": "Feature", "geometry": {"type": "Point", "coordinates": [51.0, 10.75]}, "properties": {"source": "dryline", "date": "2026-10-04"}}, {"type": "Feature", "geometry": {"type": "Point", "coordinates": [36.5, 10.5]}, "properties": {"source": "dryline", "date": "2026-10-04"}}, {"type": "Feature", "geometry": {"type": "Point", "coordinates": [36.75, 10.5]}, "properties": {"source": "dryline", "date": "2026-10-04"}}, {"type": "Feature", "geometry": {"type": "Point", "coordinates": [40.5, 10.5]}, "properties": {"source": "dryline", "date": "2026-10-04"}}, {"type": "Feature", "geometry": {"type": "Point", "coordinates": [50.75, 10.5]}, "properties": {"source": "dryline", "date": "2026-10-04"}}, {"type": "Feature", "geometry": {"type": "Point", "coordinates": [36.5, 10.25]}, "properties": {"source": "dryline", "date": "2026-10-04"}}, {"type": "Feature", "geometry": {"type": "Point", "coordinates": [40.5, 10.25]}, "properties": {"source": "dryline", "date": "2026-10-04"}}, {"type": "Feature", "geometry": {"type": "Point", "coordinates": [40.75, 10.25]}, "properties": {"source": "dryline", "date": "2026-10-04"}}, {"type": "Feature", "geometry": {"type": "Point", "coordinates": [41.0, 10.25]}, "properties": {"source": "dryline", "date": "2026-10-04"}}, {"type": "Feature", "geometry": {"type": "Point", "coordinates": [50.75, 10.25]}, "properties": {"source": "dryline", "date": "2026-10-04"}}, {"type": "Feature", "geometry": {"type": "Point", "coordinates": [36.5, 10.0]}, "properties": {"source": "dryline", "date": "2026-10-04"}}, {"type": "Feature", "geometry": {"type": "Point", "coordinates": [41.25, 10.0]}, "properties": {"source": "dryline", "date": "2026-10-04"}}, {"type": "Feature", "geometry": {"type": "Point", "coordinates": [41.5, 10.0]}, "properties": {"source": "dryline", "date": "2026-10-04"}}, {"type": "Feature", "geometry": {"type": "Point", "coordinates": [41.75, 10.0]}, "properties": {"source": "dryline", "date": "2026-10-04"}}, {"type": "Feature", "geometry": {"type": "Point", "coordinates": [42.0, 10.0]}, "properties": {"source": "dryline", "date": "2026-10-04"}}, {"type": "Feature", "geometry": {"type": "Point", "coordinates": [42.25, 10.0]}, "properties": {"source": "dryline", "date": "2026-10-04"}}, {"type": "Feature", "geometry": {"type": "Point", "coordinates": [42.5, 10.0]}, "properties": {"source": "dryline", "date": "2026-10-04"}}, {"type": "Feature", "geometry": {"type": "Point", "coordinates": [42.75, 10.0]}, "properties": {"source": "dryline", "date": "2026-10-04"}}, {"type": "Feature", "geometry": {"type": "Point", "coordinates": [43.0, 10.0]}, "properties": {"source": "dryline", "date": "2026-10-04"}}, {"type": "Feature", "geometry": {"type": "Point", "coordinates": [50.75, 10.0]}, "properties": {"source": "dryline", "date": "2026-10-04"}}, {"type": "Feature", "geometry": {"type": "Point", "coordinates": [36.5, 9.75]}, "properties": {"source": "dryline", "date": "2026-10-04"}}, {"type": "Feature", "geometry": {"type": "Point", "coordinates": [41.5, 9.75]}, "properties": {"source": "dryline", "date": "2026-10-04"}}, {"type": "Feature", "geometry": {"type": "Point", "coordinates": [43.0, 9.75]}, "properties": {"source": "dryline", "date": "2026-10-04"}}, {"type": "Feature", "geometry": {"type": "Point", "coordinates": [43.25, 9.75]}, "properties": {"source": "dryline", "date": "2026-10-04"}}, {"type": "Feature", "geometry": {"type": "Point", "coordinates": [50.75, 9.75]}, "properties": {"source": "dryline", "date": "2026-10-04"}}, {"type": "Feature", "geometry": {"type": "Point", "coordinates": [43.25, 9.5]}, "properties": {"source": "dryline", "date": "2026-10-04"}}, {"type": "Feature", "geometry": {"type": "Point", "coordinates": [43.5, 9.5]}, "properties": {"source": "dryline", "date": "2026-10-04"}}, {"type": "Feature", "geometry": {"type": "Point", "coordinates": [50.5, 9.5]}, "properties": {"source": "dryline", "date": "2026-10-04"}}, {"type": "Feature", "geometry": {"type": "Point", "coordinates": [43.25, 9.25]}, "properties": {"source": "dryline", "date": "2026-10-04"}}, {"type": "Feature", "geometry": {"type": "Point", "coordinates": [43.5, 9.25]}, "properties": {"source": "dryline", "date": "2026-10-04"}}, {"type": "Feature", "geometry": {"type": "Point", "coordinates": [50.5, 9.25]}, "properties": {"source": "dryline", "date": "2026-10-04"}}, {"type": "Feature", "geometry": {"type": "Point", "coordinates": [37.0, 9.0]}, "properties": {"source": "dryline", "date": "2026-10-04"}}, {"type": "Feature", "geometry": {"type": "Point", "coordinates": [43.25, 9.0]}, "properties": {"source": "dryline", "date": "2026-10-04"}}, {"type": "Feature", "geometry": {"type": "Point", "coordinates": [50.25, 9.0]}, "properties": {"source": "dryline", "date": "2026-10-04"}}, {"type": "Feature", "geometry": {"type": "Point", "coordinates": [37.25, 8.75]}, "properties": {"source": "dryline", "date": "2026-10-04"}}, {"type": "Feature", "geometry": {"type": "Point", "coordinates": [40.0, 8.75]}, "properties": {"source": "dryline", "date": "2026-10-04"}}, {"type": "Feature", "geometry": {"type": "Point", "coordinates": [42.75, 8.75]}, "properties": {"source": "dryline", "date": "2026-10-04"}}, {"type": "Feature", "geometry": {"type": "Point", "coordinates": [43.0, 8.75]}, "properties": {"source": "dryline", "date": "2026-10-04"}}, {"type": "Feature", "geometry": {"type": "Point", "coordinates": [43.25, 8.75]}, "properties": {"source": "dryline", "date": "2026-10-04"}}, {"type": "Feature", "geometry": {"type": "Point", "coordinates": [50.0, 8.75]}, "properties": {"source": "dryline", "date": "2026-10-04"}}, {"type": "Feature", "geometry": {"type": "Point", "coordinates": [50.25, 8.75]}, "properties": {"source": "dryline", "date": "2026-10-04"}}, {"type": "Feature", "geometry": {"type": "Point", "coordinates": [37.25, 8.5]}, "properties": {"source": "dryline", "date": "2026-10-04"}}, {"type": "Feature", "geometry": {"type": "Point", "coordinates": [39.75, 8.5]}, "properties": {"source": "dryline", "date": "2026-10-04"}}, {"type": "Feature", "geometry": {"type": "Point", "coordinates": [40.0, 8.5]}, "properties": {"source": "dryline", "date": "2026-10-04"}}, {"type": "Feature", "geometry": {"type": "Point", "coordinates": [42.25, 8.5]}, "properties": {"source": "dryline", "date": "2026-10-04"}}, {"type": "Feature", "geometry": {"type": "Point", "coordinates": [42.5, 8.5]}, "properties": {"source": "dryline", "date": "2026-10-04"}}, {"type": "Feature", "geometry": {"type": "Point", "coordinates": [42.75, 8.5]}, "properties": {"source": "dryline", "date": "2026-10-04"}}, {"type": "Feature", "geometry": {"type": "Point", "coordinates": [50.0, 8.5]}, "properties": {"source": "dryline", "date": "2026-10-04"}}, {"type": "Feature", "geometry": {"type": "Point", "coordinates": [37.25, 8.25]}, "properties": {"source": "dryline", "date": "2026-10-04"}}, {"type": "Feature", "geometry": {"type": "Point", "coordinates": [37.5, 8.25]}, "properties": {"source": "dryline", "date": "2026-10-04"}}, {"type": "Feature", "geometry": {"type": "Point", "coordinates": [39.25, 8.25]}, "properties": {"source": "dryline", "date": "2026-10-04"}}, {"type": "Feature", "geometry": {"type": "Point", "coordinates": [39.5, 8.25]}, "properties": {"source": "dryline", "date": "2026-10-04"}}, {"type": "Feature", "geometry": {"type": "Point", "coordinates": [39.75, 8.25]}, "properties": {"source": "dryline", "date": "2026-10-04"}}, {"type": "Feature", "geometry": {"type": "Point", "coordinates": [41.5, 8.25]}, "properties": {"source": "dryline", "date": "2026-10-04"}}, {"type": "Feature", "geometry": {"type": "Point", "coordinates": [41.75, 8.25]}, "properties": {"source": "dryline", "date": "2026-10-04"}}, {"type": "Feature", "geometry": {"type": "Point", "coordinates": [42.0, 8.25]}, "properties": {"source": "dryline", "date": "2026-10-04"}}, {"type": "Feature", "geometry": {"type": "Point", "coordinates": [42.25, 8.25]}, "properties": {"source": "dryline", "date": "2026-10-04"}}, {"type": "Feature", "geometry": {"type": "Point", "coordinates": [49.75, 8.25]}, "properties": {"source": "dryline", "date": "2026-10-04"}}, {"type": "Feature", "geometry": {"type": "Point", "coordinates": [50.0, 8.25]}, "properties": {"source": "dryline", "date": "2026-10-04"}}, {"type": "Feature", "geometry": {"type": "Point", "coordinates": [13.5, 8.0]}, "properties": {"source": "dryline", "date": "2026-10-04"}}, {"type": "Feature", "geometry": {"type": "Point", "coordinates": [13.75, 8.0]}, "properties": {"source": "dryline", "date": "2026-10-04"}}, {"type": "Feature", "geometry": {"type": "Point", "coordinates": [14.0, 8.0]}, "properties": {"source": "dryline", "date": "2026-10-04"}}, {"type": "Feature", "geometry": {"type": "Point", "coordinates": [14.25, 8.0]}, "properties": {"source": "dryline", "date": "2026-10-04"}}, {"type": "Feature", "geometry": {"type": "Point", "coordinates": [37.25, 8.0]}, "properties": {"source": "dryline", "date": "2026-10-04"}}, {"type": "Feature", "geometry": {"type": "Point", "coordinates": [37.5, 8.0]}, "properties": {"source": "dryline", "date": "2026-10-04"}}, {"type": "Feature", "geometry": {"type": "Point", "coordinates": [39.0, 8.0]}, "properties": {"source": "dryline", "date": "2026-10-04"}}, {"type": "Feature", "geometry": {"type": "Point", "coordinates": [39.25, 8.0]}, "properties": {"source": "dryline", "date": "2026-10-04"}}, {"type": "Feature", "geometry": {"type": "Point", "coordinates": [41.25, 8.0]}, "properties": {"source": "dryline", "date": "2026-10-04"}}, {"type": "Feature", "geometry": {"type": "Point", "coordinates": [41.5, 8.0]}, "properties": {"source": "dryline", "date": "2026-10-04"}}, {"type": "Feature", "geometry": {"type": "Point", "coordinates": [49.5, 8.0]}, "properties": {"source": "dryline", "date": "2026-10-04"}}, {"type": "Feature", "geometry": {"type": "Point", "coordinates": [49.75, 8.0]}, "properties": {"source": "dryline", "date": "2026-10-04"}}, {"type": "Feature", "geometry": {"type": "Point", "coordinates": [11.5, 7.75]}, "properties": {"source": "dryline", "date": "2026-10-04"}}, {"type": "Feature", "geometry": {"type": "Point", "coordinates": [11.75, 7.75]}, "properties": {"source": "dryline", "date": "2026-10-04"}}, {"type": "Feature", "geometry": {"type": "Point", "coordinates": [12.0, 7.75]}, "properties": {"source": "dryline", "date": "2026-10-04"}}, {"type": "Feature", "geometry": {"type": "Point", "coordinates": [12.25, 7.75]}, "properties": {"source": "dryline", "date": "2026-10-04"}}, {"type": "Feature", "geometry": {"type": "Point", "coordinates": [12.5, 7.75]}, "properties": {"source": "dryline", "date": "2026-10-04"}}, {"type": "Feature", "geometry": {"type": "Point", "coordinates": [12.75, 7.75]}, "properties": {"source": "dryline", "date": "2026-10-04"}}, {"type": "Feature", "geometry": {"type": "Point", "coordinates": [13.0, 7.75]}, "properties": {"source": "dryline", "date": "2026-10-04"}}, {"type": "Feature", "geometry": {"type": "Point", "coordinates": [13.25, 7.75]}, "properties": {"source": "dryline", "date": "2026-10-04"}}, {"type": "Feature", "geometry": {"type": "Point", "coordinates": [37.25, 7.75]}, "properties": {"source": "dryline", "date": "2026-10-04"}}, {"type": "Feature", "geometry": {"type": "Point", "coordinates": [37.5, 7.75]}, "properties": {"source": "dryline", "date": "2026-10-04"}}, {"type": "Feature", "geometry": {"type": "Point", "coordinates": [37.75, 7.75]}, "properties": {"source": "dryline", "date": "2026-10-04"}}, {"type": "Feature", "geometry": {"type": "Point", "coordinates": [38.0, 7.75]}, "properties": {"source": "dryline", "date": "2026-10-04"}}, {"type": "Feature", "geometry": {"type": "Point", "coordinates": [38.5, 7.75]}, "properties": {"source": "dryline", "date": "2026-10-04"}}, {"type": "Feature", "geometry": {"type": "Point", "coordinates": [38.75, 7.75]}, "properties": {"source": "dryline", "date": "2026-10-04"}}, {"type": "Feature", "geometry": {"type": "Point", "coordinates": [41.25, 7.75]}, "properties": {"source": "dryline", "date": "2026-10-04"}}, {"type": "Feature", "geometry": {"type": "Point", "coordinates": [49.25, 7.75]}, "properties": {"source": "dryline", "date": "2026-10-04"}}, {"type": "Feature", "geometry": {"type": "Point", "coordinates": [49.5, 7.75]}, "properties": {"source": "dryline", "date": "2026-10-04"}}, {"type": "Feature", "geometry": {"type": "Point", "coordinates": [11.0, 7.5]}, "properties": {"source": "dryline", "date": "2026-10-04"}}, {"type": "Feature", "geometry": {"type": "Point", "coordinates": [11.25, 7.5]}, "properties": {"source": "dryline", "date": "2026-10-04"}}, {"type": "Feature", "geometry": {"type": "Point", "coordinates": [11.5, 7.5]}, "properties": {"source": "dryline", "date": "2026-10-04"}}, {"type": "Feature", "geometry": {"type": "Point", "coordinates": [37.0, 7.5]}, "properties": {"source": "dryline", "date": "2026-10-04"}}, {"type": "Feature", "geometry": {"type": "Point", "coordinates": [38.25, 7.5]}, "properties": {"source": "dryline", "date": "2026-10-04"}}, {"type": "Feature", "geometry": {"type": "Point", "coordinates": [38.5, 7.5]}, "properties": {"source": "dryline", "date": "2026-10-04"}}, {"type": "Feature", "geometry": {"type": "Point", "coordinates": [38.75, 7.5]}, "properties": {"source": "dryline", "date": "2026-10-04"}}, {"type": "Feature", "geometry": {"type": "Point", "coordinates": [41.0, 7.5]}, "properties": {"source": "dryline", "date": "2026-10-04"}}, {"type": "Feature", "geometry": {"type": "Point", "coordinates": [41.25, 7.5]}, "properties": {"source": "dryline", "date": "2026-10-04"}}, {"type": "Feature", "geometry": {"type": "Point", "coordinates": [49.0, 7.5]}, "properties": {"source": "dryline", "date": "2026-10-04"}}, {"type": "Feature", "geometry": {"type": "Point", "coordinates": [49.25, 7.5]}, "properties": {"source": "dryline", "date": "2026-10-04"}}, {"type": "Feature", "geometry": {"type": "Point", "coordinates": [10.75, 7.25]}, "properties": {"source": "dryline", "date": "2026-10-04"}}, {"type": "Feature", "geometry": {"type": "Point", "coordinates": [11.0, 7.25]}, "properties": {"source": "dryline", "date": "2026-10-04"}}, {"type": "Feature", "geometry": {"type": "Point", "coordinates": [36.25, 7.25]}, "properties": {"source": "dryline", "date": "2026-10-04"}}, {"type": "Feature", "geometry": {"type": "Point", "coordinates": [36.5, 7.25]}, "properties": {"source": "dryline", "date": "2026-10-04"}}, {"type": "Feature", "geometry": {"type": "Point", "coordinates": [36.75, 7.25]}, "properties": {"source": "dryline", "date": "2026-10-04"}}, {"type": "Feature", "geometry": {"type": "Point", "coordinates": [38.75, 7.25]}, "properties": {"source": "dryline", "date": "2026-10-04"}}, {"type": "Feature", "geometry": {"type": "Point", "coordinates": [40.75, 7.25]}, "properties": {"source": "dryline", "date": "2026-10-04"}}, {"type": "Feature", "geometry": {"type": "Point", "coordinates": [41.0, 7.25]}, "properties": {"source": "dryline", "date": "2026-10-04"}}, {"type": "Feature", "geometry": {"type": "Point", "coordinates": [49.0, 7.25]}, "properties": {"source": "dryline", "date": "2026-10-04"}}, {"type": "Feature", "geometry": {"type": "Point", "coordinates": [10.5, 7.0]}, "properties": {"source": "dryline", "date": "2026-10-04"}}, {"type": "Feature", "geometry": {"type": "Point", "coordinates": [10.75, 7.0]}, "properties": {"source": "dryline", "date": "2026-10-04"}}, {"type": "Feature", "geometry": {"type": "Point", "coordinates": [38.75, 7.0]}, "properties": {"source": "dryline", "date": "2026-10-04"}}, {"type": "Feature", "geometry": {"type": "Point", "coordinates": [39.0, 7.0]}, "properties": {"source": "dryline", "date": "2026-10-04"}}, {"type": "Feature", "geometry": {"type": "Point", "coordinates": [40.5, 7.0]}, "properties": {"source": "dryline", "date": "2026-10-04"}}, {"type": "Feature", "geometry": {"type": "Point", "coordinates": [40.75, 7.0]}, "properties": {"source": "dryline", "date": "2026-10-04"}}, {"type": "Feature", "geometry": {"type": "Point", "coordinates": [48.75, 7.0]}, "properties": {"source": "dryline", "date": "2026-10-04"}}, {"type": "Feature", "geometry": {"type": "Point", "coordinates": [49.0, 7.0]}, "properties": {"source": "dryline", "date": "2026-10-04"}}, {"type": "Feature", "geometry": {"type": "Point", "coordinates": [10.0, 6.75]}, "properties": {"source": "dryline", "date": "2026-10-04"}}, {"type": "Feature", "geometry": {"type": "Point", "coordinates": [10.25, 6.75]}, "properties": {"source": "dryline", "date": "2026-10-04"}}, {"type": "Feature", "geometry": {"type": "Point", "coordinates": [39.0, 6.75]}, "properties": {"source": "dryline", "date": "2026-10-04"}}, {"type": "Feature", "geometry": {"type": "Point", "coordinates": [40.25, 6.75]}, "properties": {"source": "dryline", "date": "2026-10-04"}}, {"type": "Feature", "geometry": {"type": "Point", "coordinates": [40.5, 6.75]}, "properties": {"source": "dryline", "date": "2026-10-04"}}, {"type": "Feature", "geometry": {"type": "Point", "coordinates": [48.75, 6.75]}, "properties": {"source": "dryline", "date": "2026-10-04"}}, {"type": "Feature", "geometry": {"type": "Point", "coordinates": [10.0, 6.5]}, "properties": {"source": "dryline", "date": "2026-10-04"}}, {"type": "Feature", "geometry": {"type": "Point", "coordinates": [39.25, 6.5]}, "properties": {"source": "dryline", "date": "2026-10-04"}}, {"type": "Feature", "geometry": {"type": "Point", "coordinates": [39.5, 6.5]}, "properties": {"source": "dryline", "date": "2026-10-04"}}, {"type": "Feature", "geometry": {"type": "Point", "coordinates": [39.75, 6.5]}, "properties": {"source": "dryline", "date": "2026-10-04"}}, {"type": "Feature", "geometry": {"type": "Point", "coordinates": [40.0, 6.5]}, "properties": {"source": "dryline", "date": "2026-10-04"}}, {"type": "Feature", "geometry": {"type": "Point", "coordinates": [40.25, 6.5]}, "properties": {"source": "dryline", "date": "2026-10-04"}}, {"type": "Feature", "geometry": {"type": "Point", "coordinates": [48.75, 6.5]}, "properties": {"source": "dryline", "date": "2026-10-04"}}, {"type": "Feature", "geometry": {"type": "Point", "coordinates": [9.75, 6.25]}, "properties": {"source": "dryline", "date": "2026-10-04"}}, {"type": "Feature", "geometry": {"type": "Point", "coordinates": [10.0, 6.25]}, "properties": {"source": "dryline", "date": "2026-10-04"}}, {"type": "Feature", "geometry": {"type": "Point", "coordinates": [48.5, 6.25]}, "properties": {"source": "dryline", "date": "2026-10-04"}}, {"type": "Feature", "geometry": {"type": "Point", "coordinates": [9.75, 6.0]}, "properties": {"source": "dryline", "date": "2026-10-04"}}, {"type": "Feature", "geometry": {"type": "Point", "coordinates": [48.5, 6.0]}, "properties": {"source": "dryline", "date": "2026-10-04"}}, {"type": "Feature", "geometry": {"type": "Point", "coordinates": [9.75, 5.75]}, "properties": {"source": "dryline", "date": "2026-10-04"}}, {"type": "Feature", "geometry": {"type": "Point", "coordinates": [48.25, 5.75]}, "properties": {"source": "dryline", "date": "2026-10-04"}}, {"type": "Feature", "geometry": {"type": "Point", "coordinates": [48.5, 5.75]}, "properties": {"source": "dryline", "date": "2026-10-04"}}, {"type": "Feature", "geometry": {"type": "Point", "coordinates": [10.0, 5.5]}, "properties": {"source": "dryline", "date": "2026-10-04"}}, {"type": "Feature", "geometry": {"type": "Point", "coordinates": [11.0, 5.5]}, "properties": {"source": "dryline", "date": "2026-10-04"}}, {"type": "Feature", "geometry": {"type": "Point", "coordinates": [48.25, 5.5]}, "properties": {"source": "dryline", "date": "2026-10-04"}}, {"type": "Feature", "geometry": {"type": "Point", "coordinates": [10.0, 5.25]}, "properties": {"source": "dryline", "date": "2026-10-04"}}, {"type": "Feature", "geometry": {"type": "Point", "coordinates": [10.75, 5.25]}, "properties": {"source": "dryline", "date": "2026-10-04"}}, {"type": "Feature", "geometry": {"type": "Point", "coordinates": [11.0, 5.25]}, "properties": {"source": "dryline", "date": "2026-10-04"}}, {"type": "Feature", "geometry": {"type": "Point", "coordinates": [48.0, 5.25]}, "properties": {"source": "dryline", "date": "2026-10-04"}}, {"type": "Feature", "geometry": {"type": "Point", "coordinates": [48.25, 5.25]}, "properties": {"source": "dryline", "date": "2026-10-04"}}, {"type": "Feature", "geometry": {"type": "Point", "coordinates": [10.25, 5.0]}, "properties": {"source": "dryline", "date": "2026-10-04"}}, {"type": "Feature", "geometry": {"type": "Point", "coordinates": [10.5, 5.0]}, "properties": {"source": "dryline", "date": "2026-10-04"}}, {"type": "Feature", "geometry": {"type": "Point", "coordinates": [48.0, 5.0]}, "properties": {"source": "dryline", "date": "2026-10-04"}}, {"type": "Feature", "geometry": {"type": "Point", "coordinates": [47.75, 4.75]}, "properties": {"source": "dryline", "date": "2026-10-04"}}, {"type": "Feature", "geometry": {"type": "Point", "coordinates": [48.0, 4.75]}, "properties": {"source": "dryline", "date": "2026-10-04"}}, {"type": "Feature", "geometry": {"type": "Point", "coordinates": [47.5, 4.5]}, "properties": {"source": "dryline", "date": "2026-10-04"}}, {"type": "Feature", "geometry": {"type": "Point", "coordinates": [47.75, 4.5]}, "properties": {"source": "dryline", "date": "2026-10-04"}}, {"type": "Feature", "geometry": {"type": "Point", "coordinates": [47.5, 4.25]}, "properties": {"source": "dryline", "date": "2026-10-04"}}, {"type": "Feature", "geometry": {"type": "Point", "coordinates": [47.25, 4.0]}, "properties": {"source": "dryline", "date": "2026-10-04"}}, {"type": "Feature", "geometry": {"type": "Point", "coordinates": [47.5, 4.0]}, "properties": {"source": "dryline", "date": "2026-10-04"}}, {"type": "Feature", "geometry": {"type": "Point", "coordinates": [46.75, 3.75]}, "properties": {"source": "dryline", "date": "2026-10-04"}}, {"type": "Feature", "geometry": {"type": "Point", "coordinates": [47.0, 3.75]}, "properties": {"source": "dryline", "date": "2026-10-04"}}, {"type": "Feature", "geometry": {"type": "Point", "coordinates": [47.25, 3.75]}, "properties": {"source": "dryline", "date": "2026-10-04"}}, {"type": "Feature", "geometry": {"type": "Point", "coordinates": [46.5, 3.5]}, "properties": {"source": "dryline", "date": "2026-10-04"}}, {"type": "Feature", "geometry": {"type": "Point", "coordinates": [46.75, 3.5]}, "properties": {"source": "dryline", "date": "2026-10-04"}}, {"type": "Feature", "geometry": {"type": "Point", "coordinates": [46.25, 3.25]}, "properties": {"source": "dryline", "date": "2026-10-04"}}, {"type": "Feature", "geometry": {"type": "Point", "coordinates": [46.5, 3.25]}, "properties": {"source": "dryline", "date": "2026-10-04"}}, {"type": "Feature", "geometry": {"type": "Point", "coordinates": [35.25, 3.0]}, "properties": {"source": "dryline", "date": "2026-10-04"}}, {"type": "Feature", "geometry": {"type": "Point", "coordinates": [35.25, 2.75]}, "properties": {"source": "dryline", "date": "2026-10-04"}}, {"type": "Feature", "geometry": {"type": "Point", "coordinates": [35.5, 2.75]}, "properties": {"source": "dryline", "date": "2026-10-04"}}, {"type": "Feature", "geometry": {"type": "Point", "coordinates": [35.75, 2.5]}, "properties": {"source": "dryline", "date": "2026-10-04"}}, {"type": "Feature", "geometry": {"type": "Point", "coordinates": [36.0, 2.5]}, "properties": {"source": "dryline", "date": "2026-10-04"}}, {"type": "Feature", "geometry": {"type": "Point", "coordinates": [36.25, 2.5]}, "properties": {"source": "dryline", "date": "2026-10-04"}}, {"type": "Feature", "geometry": {"type": "Point", "coordinates": [36.25, 2.25]}, "properties": {"source": "dryline", "date": "2026-10-04"}}, {"type": "Feature", "geometry": {"type": "Point", "coordinates": [36.5, 2.25]}, "properties": {"source": "dryline", "date": "2026-10-04"}}, {"type": "Feature", "geometry": {"type": "Point", "coordinates": [36.75, 2.25]}, "properties": {"source": "dryline", "date": "2026-10-04"}}, {"type": "Feature", "geometry": {"type": "Point", "coordinates": [45.0, 2.25]}, "properties": {"source": "dryline", "date": "2026-10-04"}}, {"type": "Feature", "geometry": {"type": "Point", "coordinates": [28.25, 2.0]}, "properties": {"source": "dryline", "date": "2026-10-04"}}, {"type": "Feature", "geometry": {"type": "Point", "coordinates": [28.5, 2.0]}, "properties": {"source": "dryline", "date": "2026-10-04"}}, {"type": "Feature", "geometry": {"type": "Point", "coordinates": [36.75, 2.0]}, "properties": {"source": "dryline", "date": "2026-10-04"}}, {"type": "Feature", "geometry": {"type": "Point", "coordinates": [37.0, 2.0]}, "properties": {"source": "dryline", "date": "2026-10-04"}}, {"type": "Feature", "geometry": {"type": "Point", "coordinates": [44.75, 2.0]}, "properties": {"source": "dryline", "date": "2026-10-04"}}, {"type": "Feature", "geometry": {"type": "Point", "coordinates": [45.0, 2.0]}, "properties": {"source": "dryline", "date": "2026-10-04"}}, {"type": "Feature", "geometry": {"type": "Point", "coordinates": [28.25, 1.75]}, "properties": {"source": "dryline", "date": "2026-10-04"}}, {"type": "Feature", "geometry": {"type": "Point", "coordinates": [28.5, 1.75]}, "properties": {"source": "dryline", "date": "2026-10-04"}}, {"type": "Feature", "geometry": {"type": "Point", "coordinates": [37.0, 1.75]}, "properties": {"source": "dryline", "date": "2026-10-04"}}, {"type": "Feature", "geometry": {"type": "Point", "coordinates": [37.25, 1.75]}, "properties": {"source": "dryline", "date": "2026-10-04"}}, {"type": "Feature", "geometry": {"type": "Point", "coordinates": [44.25, 1.75]}, "properties": {"source": "dryline", "date": "2026-10-04"}}, {"type": "Feature", "geometry": {"type": "Point", "coordinates": [44.5, 1.75]}, "properties": {"source": "dryline", "date": "2026-10-04"}}, {"type": "Feature", "geometry": {"type": "Point", "coordinates": [44.75, 1.75]}, "properties": {"source": "dryline", "date": "2026-10-04"}}, {"type": "Feature", "geometry": {"type": "Point", "coordinates": [28.5, 1.5]}, "properties": {"source": "dryline", "date": "2026-10-04"}}, {"type": "Feature", "geometry": {"type": "Point", "coordinates": [37.25, 1.5]}, "properties": {"source": "dryline", "date": "2026-10-04"}}, {"type": "Feature", "geometry": {"type": "Point", "coordinates": [44.0, 1.5]}, "properties": {"source": "dryline", "date": "2026-10-04"}}, {"type": "Feature", "geometry": {"type": "Point", "coordinates": [44.25, 1.5]}, "properties": {"source": "dryline", "date": "2026-10-04"}}, {"type": "Feature", "geometry": {"type": "Point", "coordinates": [28.5, 1.25]}, "properties": {"source": "dryline", "date": "2026-10-04"}}, {"type": "Feature", "geometry": {"type": "Point", "coordinates": [28.75, 1.25]}, "properties": {"source": "dryline", "date": "2026-10-04"}}, {"type": "Feature", "geometry": {"type": "Point", "coordinates": [29.0, 1.25]}, "properties": {"source": "dryline", "date": "2026-10-04"}}, {"type": "Feature", "geometry": {"type": "Point", "coordinates": [37.25, 1.25]}, "properties": {"source": "dryline", "date": "2026-10-04"}}, {"type": "Feature", "geometry": {"type": "Point", "coordinates": [37.5, 1.25]}, "properties": {"source": "dryline", "date": "2026-10-04"}}, {"type": "Feature", "geometry": {"type": "Point", "coordinates": [43.75, 1.25]}, "properties": {"source": "dryline", "date": "2026-10-04"}}, {"type": "Feature", "geometry": {"type": "Point", "coordinates": [44.0, 1.25]}, "properties": {"source": "dryline", "date": "2026-10-04"}}, {"type": "Feature", "geometry": {"type": "Point", "coordinates": [29.25, 1.0]}, "properties": {"source": "dryline", "date": "2026-10-04"}}, {"type": "Feature", "geometry": {"type": "Point", "coordinates": [37.5, 1.0]}, "properties": {"source": "dryline", "date": "2026-10-04"}}, {"type": "Feature", "geometry": {"type": "Point", "coordinates": [43.25, 1.0]}, "properties": {"source": "dryline", "date": "2026-10-04"}}, {"type": "Feature", "geometry": {"type": "Point", "coordinates": [43.5, 1.0]}, "properties": {"source": "dryline", "date": "2026-10-04"}}, {"type": "Feature", "geometry": {"type": "Point", "coordinates": [43.75, 1.0]}, "properties": {"source": "dryline", "date": "2026-10-04"}}, {"type": "Feature", "geometry": {"type": "Point", "coordinates": [29.25, 0.75]}, "properties": {"source": "dryline", "date": "2026-10-04"}}, {"type": "Feature", "geometry": {"type": "Point", "coordinates": [37.5, 0.75]}, "properties": {"source": "dryline", "date": "2026-10-04"}}, {"type": "Feature", "geometry": {"type": "Point", "coordinates": [43.0, 0.75]}, "properties": {"source": "dryline", "date": "2026-10-04"}}, {"type": "Feature", "geometry": {"type": "Point", "coordinates": [43.25, 0.75]}, "properties": {"source": "dryline", "date": "2026-10-04"}}, {"type": "Feature", "geometry": {"type": "Point", "coordinates": [29.25, 0.5]}, "properties": {"source": "dryline", "date": "2026-10-04"}}, {"type": "Feature", "geometry": {"type": "Point", "coordinates": [37.5, 0.5]}, "properties": {"source": "dryline", "date": "2026-10-04"}}, {"type": "Feature", "geometry": {"type": "Point", "coordinates": [42.5, 0.5]}, "properties": {"source": "dryline", "date": "2026-10-04"}}, {"type": "Feature", "geometry": {"type": "Point", "coordinates": [42.75, 0.5]}, "properties": {"source": "dryline", "date": "2026-10-04"}}, {"type": "Feature", "geometry": {"type": "Point", "coordinates": [43.0, 0.5]}, "properties": {"source": "dryline", "date": "2026-10-04"}}, {"type": "Feature", "geometry": {"type": "Point", "coordinates": [29.0, 0.25]}, "properties": {"source": "dryline", "date": "2026-10-04"}}, {"type": "Feature", "geometry": {"type": "Point", "coordinates": [29.25, 0.25]}, "properties": {"source": "dryline", "date": "2026-10-04"}}, {"type": "Feature", "geometry": {"type": "Point", "coordinates": [33.0, 0.25]}, "properties": {"source": "dryline", "date": "2026-10-04"}}, {"type": "Feature", "geometry": {"type": "Point", "coordinates": [33.25, 0.25]}, "properties": {"source": "dryline", "date": "2026-10-04"}}, {"type": "Feature", "geometry": {"type": "Point", "coordinates": [33.5, 0.25]}, "properties": {"source": "dryline", "date": "2026-10-04"}}, {"type": "Feature", "geometry": {"type": "Point", "coordinates": [33.75, 0.25]}, "properties": {"source": "dryline", "date": "2026-10-04"}}, {"type": "Feature", "geometry": {"type": "Point", "coordinates": [37.5, 0.25]}, "properties": {"source": "dryline", "date": "2026-10-04"}}, {"type": "Feature", "geometry": {"type": "Point", "coordinates": [42.0, 0.25]}, "properties": {"source": "dryline", "date": "2026-10-04"}}, {"type": "Feature", "geometry": {"type": "Point", "coordinates": [42.25, 0.25]}, "properties": {"source": "dryline", "date": "2026-10-04"}}, {"type": "Feature", "geometry": {"type": "Point", "coordinates": [42.5, 0.25]}, "properties": {"source": "dryline", "date": "2026-10-04"}}, {"type": "Feature", "geometry": {"type": "Point", "coordinates": [29.0, 0.0]}, "properties": {"source": "dryline", "date": "2026-10-04"}}, {"type": "Feature", "geometry": {"type": "Point", "coordinates": [32.5, 0.0]}, "properties": {"source": "dryline", "date": "2026-10-04"}}, {"type": "Feature", "geometry": {"type": "Point", "coordinates": [32.75, 0.0]}, "properties": {"source": "dryline", "date": "2026-10-04"}}, {"type": "Feature", "geometry": {"type": "Point", "coordinates": [33.0, 0.0]}, "properties": {"source": "dryline", "date": "2026-10-04"}}, {"type": "Feature", "geometry": {"type": "Point", "coordinates": [34.0, 0.0]}, "properties": {"source": "dryline", "date": "2026-10-04"}}, {"type": "Feature", "geometry": {"type": "Point", "coordinates": [37.5, 0.0]}, "properties": {"source": "dryline", "date": "2026-10-04"}}, {"type": "Feature", "geometry": {"type": "Point", "coordinates": [41.25, 0.0]}, "properties": {"source": "dryline", "date": "2026-10-04"}}, {"type": "Feature", "geometry": {"type": "Point", "coordinates": [41.5, 0.0]}, "properties": {"source": "dryline", "date": "2026-10-04"}}, {"type": "Feature", "geometry": {"type": "Point", "coordinates": [41.75, 0.0]}, "properties": {"source": "dryline", "date": "2026-10-04"}}, {"type": "Feature", "geometry": {"type": "Point", "coordinates": [42.0, 0.0]}, "properties": {"source": "dryline", "date": "2026-10-04"}}, {"type": "Feature", "geometry": {"type": "Point", "coordinates": [28.75, -0.25]}, "properties": {"source": "dryline", "date": "2026-10-04"}}, {"type": "Feature", "geometry": {"type": "Point", "coordinates": [32.25, -0.25]}, "properties": {"source": "dryline", "date": "2026-10-04"}}, {"type": "Feature", "geometry": {"type": "Point", "coordinates": [32.5, -0.25]}, "properties": {"source": "dryline", "date": "2026-10-04"}}, {"type": "Feature", "geometry": {"type": "Point", "coordinates": [34.0, -0.25]}, "properties": {"source": "dryline", "date": "2026-10-04"}}, {"type": "Feature", "geometry": {"type": "Point", "coordinates": [37.25, -0.25]}, "properties": {"source": "dryline", "date": "2026-10-04"}}, {"type": "Feature", "geometry": {"type": "Point", "coordinates": [37.5, -0.25]}, "properties": {"source": "dryline", "date": "2026-10-04"}}, {"type": "Feature", "geometry": {"type": "Point", "coordinates": [40.25, -0.25]}, "properties": {"source": "dryline", "date": "2026-10-04"}}, {"type": "Feature", "geometry": {"type": "Point", "coordinates": [40.5, -0.25]}, "properties": {"source": "dryline", "date": "2026-10-04"}}, {"type": "Feature", "geometry": {"type": "Point", "coordinates": [40.75, -0.25]}, "properties": {"source": "dryline", "date": "2026-10-04"}}, {"type": "Feature", "geometry": {"type": "Point", "coordinates": [41.0, -0.25]}, "properties": {"source": "dryline", "date": "2026-10-04"}}, {"type": "Feature", "geometry": {"type": "Point", "coordinates": [28.75, -0.5]}, "properties": {"source": "dryline", "date": "2026-10-04"}}, {"type": "Feature", "geometry": {"type": "Point", "coordinates": [32.25, -0.5]}, "properties": {"source": "dryline", "date": "2026-10-04"}}, {"type": "Feature", "geometry": {"type": "Point", "coordinates": [34.0, -0.5]}, "properties": {"source": "dryline", "date": "2026-10-04"}}, {"type": "Feature", "geometry": {"type": "Point", "coordinates": [37.0, -0.5]}, "properties": {"source": "dryline", "date": "2026-10-04"}}, {"type": "Feature", "geometry": {"type": "Point", "coordinates": [37.25, -0.5]}, "properties": {"source": "dryline", "date": "2026-10-04"}}, {"type": "Feature", "geometry": {"type": "Point", "coordinates": [39.5, -0.5]}, "properties": {"source": "dryline", "date": "2026-10-04"}}, {"type": "Feature", "geometry": {"type": "Point", "coordinates": [39.75, -0.5]}, "properties": {"source": "dryline", "date": "2026-10-04"}}, {"type": "Feature", "geometry": {"type": "Point", "coordinates": [40.0, -0.5]}, "properties": {"source": "dryline", "date": "2026-10-04"}}, {"type": "Feature", "geometry": {"type": "Point", "coordinates": [40.25, -0.5]}, "properties": {"source": "dryline", "date": "2026-10-04"}}, {"type": "Feature", "geometry": {"type": "Point", "coordinates": [28.75, -0.75]}, "properties": {"source": "dryline", "date": "2026-10-04"}}, {"type": "Feature", "geometry": {"type": "Point", "coordinates": [32.0, -0.75]}, "properties": {"source": "dryline", "date": "2026-10-04"}}, {"type": "Feature", "geometry": {"type": "Point", "coordinates": [34.0, -0.75]}, "properties": {"source": "dryline", "date": "2026-10-04"}}, {"type": "Feature", "geometry": {"type": "Point", "coordinates": [36.75, -0.75]}, "properties": {"source": "dryline", "date": "2026-10-04"}}, {"type": "Feature", "geometry": {"type": "Point", "coordinates": [37.0, -0.75]}, "properties": {"source": "dryline", "date": "2026-10-04"}}, {"type": "Feature", "geometry": {"type": "Point", "coordinates": [39.5, -0.75]}, "properties": {"source": "dryline", "date": "2026-10-04"}}, {"type": "Feature", "geometry": {"type": "Point", "coordinates": [28.75, -1.0]}, "properties": {"source": "dryline", "date": "2026-10-04"}}, {"type": "Feature", "geometry": {"type": "Point", "coordinates": [32.0, -1.0]}, "properties": {"source": "dryline", "date": "2026-10-04"}}, {"type": "Feature", "geometry": {"type": "Point", "coordinates": [34.0, -1.0]}, "properties": {"source": "dryline", "date": "2026-10-04"}}, {"type": "Feature", "geometry": {"type": "Point", "coordinates": [36.5, -1.0]}, "properties": {"source": "dryline", "date": "2026-10-04"}}, {"type": "Feature", "geometry": {"type": "Point", "coordinates": [36.75, -1.0]}, "properties": {"source": "dryline", "date": "2026-10-04"}}, {"type": "Feature", "geometry": {"type": "Point", "coordinates": [39.25, -1.0]}, "properties": {"source": "dryline", "date": "2026-10-04"}}, {"type": "Feature", "geometry": {"type": "Point", "coordinates": [28.75, -1.25]}, "properties": {"source": "dryline", "date": "2026-10-04"}}, {"type": "Feature", "geometry": {"type": "Point", "coordinates": [32.0, -1.25]}, "properties": {"source": "dryline", "date": "2026-10-04"}}, {"type": "Feature", "geometry": {"type": "Point", "coordinates": [33.75, -1.25]}, "properties": {"source": "dryline", "date": "2026-10-04"}}, {"type": "Feature", "geometry": {"type": "Point", "coordinates": [36.5, -1.25]}, "properties": {"source": "dryline", "date": "2026-10-04"}}, {"type": "Feature", "geometry": {"type": "Point", "coordinates": [39.25, -1.25]}, "properties": {"source": "dryline", "date": "2026-10-04"}}, {"type": "Feature", "geometry": {"type": "Point", "coordinates": [28.5, -1.5]}, "properties": {"source": "dryline", "date": "2026-10-04"}}, {"type": "Feature", "geometry": {"type": "Point", "coordinates": [32.0, -1.5]}, "properties": {"source": "dryline", "date": "2026-10-04"}}, {"type": "Feature", "geometry": {"type": "Point", "coordinates": [33.75, -1.5]}, "properties": {"source": "dryline", "date": "2026-10-04"}}, {"type": "Feature", "geometry": {"type": "Point", "coordinates": [36.25, -1.5]}, "properties": {"source": "dryline", "date": "2026-10-04"}}, {"type": "Feature", "geometry": {"type": "Point", "coordinates": [39.25, -1.5]}, "properties": {"source": "dryline", "date": "2026-10-04"}}, {"type": "Feature", "geometry": {"type": "Point", "coordinates": [28.5, -1.75]}, "properties": {"source": "dryline", "date": "2026-10-04"}}, {"type": "Feature", "geometry": {"type": "Point", "coordinates": [31.75, -1.75]}, "properties": {"source": "dryline", "date": "2026-10-04"}}, {"type": "Feature", "geometry": {"type": "Point", "coordinates": [32.0, -1.75]}, "properties": {"source": "dryline", "date": "2026-10-04"}}, {"type": "Feature", "geometry": {"type": "Point", "coordinates": [33.75, -1.75]}, "properties": {"source": "dryline", "date": "2026-10-04"}}, {"type": "Feature", "geometry": {"type": "Point", "coordinates": [36.25, -1.75]}, "properties": {"source": "dryline", "date": "2026-10-04"}}, {"type": "Feature", "geometry": {"type": "Point", "coordinates": [39.25, -1.75]}, "properties": {"source": "dryline", "date": "2026-10-04"}}, {"type": "Feature", "geometry": {"type": "Point", "coordinates": [28.5, -2.0]}, "properties": {"source": "dryline", "date": "2026-10-04"}}, {"type": "Feature", "geometry": {"type": "Point", "coordinates": [32.0, -2.0]}, "properties": {"source": "dryline", "date": "2026-10-04"}}, {"type": "Feature", "geometry": {"type": "Point", "coordinates": [33.5, -2.0]}, "properties": {"source": "dryline", "date": "2026-10-04"}}, {"type": "Feature", "geometry": {"type": "Point", "coordinates": [33.75, -2.0]}, "properties": {"source": "dryline", "date": "2026-10-04"}}, {"type": "Feature", "geometry": {"type": "Point", "coordinates": [36.0, -2.0]}, "properties": {"source": "dryline", "date": "2026-10-04"}}, {"type": "Feature", "geometry": {"type": "Point", "coordinates": [39.25, -2.0]}, "properties": {"source": "dryline", "date": "2026-10-04"}}, {"type": "Feature", "geometry": {"type": "Point", "coordinates": [28.5, -2.25]}, "properties": {"source": "dryline", "date": "2026-10-04"}}, {"type": "Feature", "geometry": {"type": "Point", "coordinates": [32.0, -2.25]}, "properties": {"source": "dryline", "date": "2026-10-04"}}, {"type": "Feature", "geometry": {"type": "Point", "coordinates": [32.25, -2.25]}, "properties": {"source": "dryline", "date": "2026-10-04"}}, {"type": "Feature", "geometry": {"type": "Point", "coordinates": [33.5, -2.25]}, "properties": {"source": "dryline", "date": "2026-10-04"}}, {"type": "Feature", "geometry": {"type": "Point", "coordinates": [36.0, -2.25]}, "properties": {"source": "dryline", "date": "2026-10-04"}}, {"type": "Feature", "geometry": {"type": "Point", "coordinates": [39.25, -2.25]}, "properties": {"source": "dryline", "date": "2026-10-04"}}, {"type": "Feature", "geometry": {"type": "Point", "coordinates": [28.25, -2.5]}, "properties": {"source": "dryline", "date": "2026-10-04"}}, {"type": "Feature", "geometry": {"type": "Point", "coordinates": [28.5, -2.5]}, "properties": {"source": "dryline", "date": "2026-10-04"}}, {"type": "Feature", "geometry": {"type": "Point", "coordinates": [32.25, -2.5]}, "properties": {"source": "dryline", "date": "2026-10-04"}}, {"type": "Feature", "geometry": {"type": "Point", "coordinates": [32.5, -2.5]}, "properties": {"source": "dryline", "date": "2026-10-04"}}, {"type": "Feature", "geometry": {"type": "Point", "coordinates": [33.25, -2.5]}, "properties": {"source": "dryline", "date": "2026-10-04"}}, {"type": "Feature", "geometry": {"type": "Point", "coordinates": [33.5, -2.5]}, "properties": {"source": "dryline", "date": "2026-10-04"}}, {"type": "Feature", "geometry": {"type": "Point", "coordinates": [36.0, -2.5]}, "properties": {"source": "dryline", "date": "2026-10-04"}}, {"type": "Feature", "geometry": {"type": "Point", "coordinates": [39.25, -2.5]}, "properties": {"source": "dryline", "date": "2026-10-04"}}, {"type": "Feature", "geometry": {"type": "Point", "coordinates": [28.25, -2.75]}, "properties": {"source": "dryline", "date": "2026-10-04"}}, {"type": "Feature", "geometry": {"type": "Point", "coordinates": [32.75, -2.75]}, "properties": {"source": "dryline", "date": "2026-10-04"}}, {"type": "Feature", "geometry": {"type": "Point", "coordinates": [33.0, -2.75]}, "properties": {"source": "dryline", "date": "2026-10-04"}}, {"type": "Feature", "geometry": {"type": "Point", "coordinates": [33.25, -2.75]}, "properties": {"source": "dryline", "date": "2026-10-04"}}, {"type": "Feature", "geometry": {"type": "Point", "coordinates": [36.0, -2.75]}, "properties": {"source": "dryline", "date": "2026-10-04"}}, {"type": "Feature", "geometry": {"type": "Point", "coordinates": [39.25, -2.75]}, "properties": {"source": "dryline", "date": "2026-10-04"}}, {"type": "Feature", "geometry": {"type": "Point", "coordinates": [28.25, -3.0]}, "properties": {"source": "dryline", "date": "2026-10-04"}}, {"type": "Feature", "geometry": {"type": "Point", "coordinates": [36.0, -3.0]}, "properties": {"source": "dryline", "date": "2026-10-04"}}, {"type": "Feature", "geometry": {"type": "Point", "coordinates": [39.0, -3.0]}, "properties": {"source": "dryline", "date": "2026-10-04"}}, {"type": "Feature", "geometry": {"type": "Point", "coordinates": [28.25, -3.25]}, "properties": {"source": "dryline", "date": "2026-10-04"}}, {"type": "Feature", "geometry": {"type": "Point", "coordinates": [36.0, -3.25]}, "properties": {"source": "dryline", "date": "2026-10-04"}}, {"type": "Feature", "geometry": {"type": "Point", "coordinates": [39.0, -3.25]}, "properties": {"source": "dryline", "date": "2026-10-04"}}, {"type": "Feature", "geometry": {"type": "Point", "coordinates": [28.25, -3.5]}, "properties": {"source": "dryline", "date": "2026-10-04"}}, {"type": "Feature", "geometry": {"type": "Point", "coordinates": [39.0, -3.5]}, "properties": {"source": "dryline", "date": "2026-10-04"}}, {"type": "Feature", "geometry": {"type": "Point", "coordinates": [28.25, -3.75]}, "properties": {"source": "dryline", "date": "2026-10-04"}}, {"type": "Feature", "geometry": {"type": "Point", "coordinates": [39.0, -3.75]}, "properties": {"source": "dryline", "date": "2026-10-04"}}, {"type": "Feature", "geometry": {"type": "Point", "coordinates": [28.25, -4.0]}, "properties": {"source": "dryline", "date": "2026-10-04"}}, {"type": "Feature", "geometry": {"type": "Point", "coordinates": [39.0, -4.0]}, "properties": {"source": "dryline", "date": "2026-10-04"}}, {"type": "Feature", "geometry": {"type": "Point", "coordinates": [28.25, -4.25]}, "properties": {"source": "dryline", "date": "2026-10-04"}}, {"type": "Feature", "geometry": {"type": "Point", "coordinates": [39.0, -4.25]}, "properties": {"source": "dryline", "date": "2026-10-04"}}, {"type": "Feature", "geometry": {"type": "Point", "coordinates": [28.25, -4.5]}, "properties": {"source": "dryline", "date": "2026-10-04"}}, {"type": "Feature", "geometry": {"type": "Point", "coordinates": [39.0, -4.5]}, "properties": {"source": "dryline", "date": "2026-10-04"}}, {"type": "Feature", "geometry": {"type": "Point", "coordinates": [28.0, -4.75]}, "properties": {"source": "dryline", "date": "2026-10-04"}}, {"type": "Feature", "geometry": {"type": "Point", "coordinates": [39.0, -4.75]}, "properties": {"source": "dryline", "date": "2026-10-04"}}, {"type": "Feature", "geometry": {"type": "Point", "coordinates": [28.0, -5.0]}, "properties": {"source": "dryline", "date": "2026-10-04"}}, {"type": "Feature", "geometry": {"type": "Point", "coordinates": [38.75, -5.0]}, "properties": {"source": "dryline", "date": "2026-10-04"}}, {"type": "Feature", "geometry": {"type": "Point", "coordinates": [28.0, -5.25]}, "properties": {"source": "dryline", "date": "2026-10-04"}}, {"type": "Feature", "geometry": {"type": "Point", "coordinates": [38.75, -5.25]}, "properties": {"source": "dryline", "date": "2026-10-04"}}, {"type": "Feature", "geometry": {"type": "Point", "coordinates": [28.0, -5.5]}, "properties": {"source": "dryline", "date": "2026-10-04"}}, {"type": "Feature", "geometry": {"type": "Point", "coordinates": [38.5, -5.5]}, "properties": {"source": "dryline", "date": "2026-10-04"}}, {"type": "Feature", "geometry": {"type": "Point", "coordinates": [28.0, -5.75]}, "properties": {"source": "dryline", "date": "2026-10-04"}}, {"type": "Feature", "geometry": {"type": "Point", "coordinates": [38.0, -5.75]}, "properties": {"source": "dryline", "date": "2026-10-04"}}, {"type": "Feature", "geometry": {"type": "Point", "coordinates": [38.25, -5.75]}, "properties": {"source": "dryline", "date": "2026-10-04"}}, {"type": "Feature", "geometry": {"type": "Point", "coordinates": [28.0, -6.0]}, "properties": {"source": "dryline", "date": "2026-10-04"}}, {"type": "Feature", "geometry": {"type": "Point", "coordinates": [37.75, -6.0]}, "properties": {"source": "dryline", "date": "2026-10-04"}}, {"type": "Feature", "geometry": {"type": "Point", "coordinates": [38.0, -6.0]}, "properties": {"source": "dryline", "date": "2026-10-04"}}, {"type": "Feature", "geometry": {"type": "Point", "coordinates": [28.0, -6.25]}, "properties": {"source": "dryline", "date": "2026-10-04"}}, {"type": "Feature", "geometry": {"type": "Point", "coordinates": [37.5, -6.25]}, "properties": {"source": "dryline", "date": "2026-10-04"}}, {"type": "Feature", "geometry": {"type": "Point", "coordinates": [37.75, -6.25]}, "properties": {"source": "dryline", "date": "2026-10-04"}}, {"type": "Feature", "geometry": {"type": "Point", "coordinates": [28.25, -6.5]}, "properties": {"source": "dryline", "date": "2026-10-04"}}, {"type": "Feature", "geometry": {"type": "Point", "coordinates": [37.0, -6.5]}, "properties": {"source": "dryline", "date": "2026-10-04"}}, {"type": "Feature", "geometry": {"type": "Point", "coordinates": [37.25, -6.5]}, "properties": {"source": "dryline", "date": "2026-10-04"}}, {"type": "Feature", "geometry": {"type": "Point", "coordinates": [28.25, -6.75]}, "properties": {"source": "dryline", "date": "2026-10-04"}}, {"type": "Feature", "geometry": {"type": "Point", "coordinates": [36.75, -6.75]}, "properties": {"source": "dryline", "date": "2026-10-04"}}, {"type": "Feature", "geometry": {"type": "Point", "coordinates": [28.25, -7.0]}, "properties": {"source": "dryline", "date": "2026-10-04"}}, {"type": "Feature", "geometry": {"type": "Point", "coordinates": [28.5, -7.0]}, "properties": {"source": "dryline", "date": "2026-10-04"}}, {"type": "Feature", "geometry": {"type": "Point", "coordinates": [36.75, -7.0]}, "properties": {"source": "dryline", "date": "2026-10-04"}}, {"type": "Feature", "geometry": {"type": "Point", "coordinates": [28.5, -7.25]}, "properties": {"source": "dryline", "date": "2026-10-04"}}, {"type": "Feature", "geometry": {"type": "Point", "coordinates": [31.75, -7.25]}, "properties": {"source": "dryline", "date": "2026-10-04"}}, {"type": "Feature", "geometry": {"type": "Point", "coordinates": [36.75, -7.25]}, "properties": {"source": "dryline", "date": "2026-10-04"}}, {"type": "Feature", "geometry": {"type": "Point", "coordinates": [28.75, -7.5]}, "properties": {"source": "dryline", "date": "2026-10-04"}}, {"type": "Feature", "geometry": {"type": "Point", "coordinates": [31.75, -7.5]}, "properties": {"source": "dryline", "date": "2026-10-04"}}, {"type": "Feature", "geometry": {"type": "Point", "coordinates": [32.0, -7.5]}, "properties": {"source": "dryline", "date": "2026-10-04"}}, {"type": "Feature", "geometry": {"type": "Point", "coordinates": [32.25, -7.5]}, "properties": {"source": "dryline", "date": "2026-10-04"}}, {"type": "Feature", "geometry": {"type": "Point", "coordinates": [36.75, -7.5]}, "properties": {"source": "dryline", "date": "2026-10-04"}}, {"type": "Feature", "geometry": {"type": "Point", "coordinates": [23.25, -7.75]}, "properties": {"source": "dryline", "date": "2026-10-04"}}, {"type": "Feature", "geometry": {"type": "Point", "coordinates": [23.5, -7.75]}, "properties": {"source": "dryline", "date": "2026-10-04"}}, {"type": "Feature", "geometry": {"type": "Point", "coordinates": [23.75, -7.75]}, "properties": {"source": "dryline", "date": "2026-10-04"}}, {"type": "Feature", "geometry": {"type": "Point", "coordinates": [24.0, -7.75]}, "properties": {"source": "dryline", "date": "2026-10-04"}}, {"type": "Feature", "geometry": {"type": "Point", "coordinates": [28.75, -7.75]}, "properties": {"source": "dryline", "date": "2026-10-04"}}, {"type": "Feature", "geometry": {"type": "Point", "coordinates": [29.0, -7.75]}, "properties": {"source": "dryline", "date": "2026-10-04"}}, {"type": "Feature", "geometry": {"type": "Point", "coordinates": [32.25, -7.75]}, "properties": {"source": "dryline", "date": "2026-10-04"}}, {"type": "Feature", "geometry": {"type": "Point", "coordinates": [36.5, -7.75]}, "properties": {"source": "dryline", "date": "2026-10-04"}}, {"type": "Feature", "geometry": {"type": "Point", "coordinates": [36.75, -7.75]}, "properties": {"source": "dryline", "date": "2026-10-04"}}, {"type": "Feature", "geometry": {"type": "Point", "coordinates": [22.25, -8.0]}, "properties": {"source": "dryline", "date": "2026-10-04"}}, {"type": "Feature", "geometry": {"type": "Point", "coordinates": [22.5, -8.0]}, "properties": {"source": "dryline", "date": "2026-10-04"}}, {"type": "Feature", "geometry": {"type": "Point", "coordinates": [22.75, -8.0]}, "properties": {"source": "dryline", "date": "2026-10-04"}}, {"type": "Feature", "geometry": {"type": "Point", "coordinates": [23.0, -8.0]}, "properties": {"source": "dryline", "date": "2026-10-04"}}, {"type": "Feature", "geometry": {"type": "Point", "coordinates": [23.25, -8.0]}, "properties": {"source": "dryline", "date": "2026-10-04"}}, {"type": "Feature", "geometry": {"type": "Point", "coordinates": [24.25, -8.0]}, "properties": {"source": "dryline", "date": "2026-10-04"}}, {"type": "Feature", "geometry": {"type": "Point", "coordinates": [29.0, -8.0]}, "properties": {"source": "dryline", "date": "2026-10-04"}}, {"type": "Feature", "geometry": {"type": "Point", "coordinates": [29.25, -8.0]}, "properties": {"source": "dryline", "date": "2026-10-04"}}, {"type": "Feature", "geometry": {"type": "Point", "coordinates": [32.25, -8.0]}, "properties": {"source": "dryline", "date": "2026-10-04"}}, {"type": "Feature", "geometry": {"type": "Point", "coordinates": [32.5, -8.0]}, "properties": {"source": "dryline", "date": "2026-10-04"}}, {"type": "Feature", "geometry": {"type": "Point", "coordinates": [36.5, -8.0]}, "properties": {"source": "dryline", "date": "2026-10-04"}}, {"type": "Feature", "geometry": {"type": "Point", "coordinates": [24.5, -8.25]}, "properties": {"source": "dryline", "date": "2026-10-04"}}, {"type": "Feature", "geometry": {"type": "Point", "coordinates": [24.75, -8.25]}, "properties": {"source": "dryline", "date": "2026-10-04"}}, {"type": "Feature", "geometry": {"type": "Point", "coordinates": [32.5, -8.25]}, "properties": {"source": "dryline", "date": "2026-10-04"}}, {"type": "Feature", "geometry": {"type": "Point", "coordinates": [32.75, -8.25]}, "properties": {"source": "dryline", "date": "2026-10-04"}}, {"type": "Feature", "geometry": {"type": "Point", "coordinates": [36.5, -8.25]}, "properties": {"source": "dryline", "date": "2026-10-04"}}, {"type": "Feature", "geometry": {"type": "Point", "coordinates": [24.75, -8.5]}, "properties": {"source": "dryline", "date": "2026-10-04"}}, {"type": "Feature", "geometry": {"type": "Point", "coordinates": [25.0, -8.5]}, "properties": {"source": "dryline", "date": "2026-10-04"}}, {"type": "Feature", "geometry": {"type": "Point", "coordinates": [32.75, -8.5]}, "properties": {"source": "dryline", "date": "2026-10-04"}}, {"type": "Feature", "geometry": {"type": "Point", "coordinates": [33.0, -8.5]}, "properties": {"source": "dryline", "date": "2026-10-04"}}, {"type": "Feature", "geometry": {"type": "Point", "coordinates": [25.0, -8.75]}, "properties": {"source": "dryline", "date": "2026-10-04"}}, {"type": "Feature", "geometry": {"type": "Point", "coordinates": [33.0, -8.75]}, "properties": {"source": "dryline", "date": "2026-10-04"}}, {"type": "Feature", "geometry": {"type": "Point", "coordinates": [33.25, -8.75]}, "properties": {"source": "dryline", "date": "2026-10-04"}}, {"type": "Feature", "geometry": {"type": "Point", "coordinates": [19.0, -9.0]}, "properties": {"source": "dryline", "date": "2026-10-04"}}, {"type": "Feature", "geometry": {"type": "Point", "coordinates": [19.25, -9.0]}, "properties": {"source": "dryline", "date": "2026-10-04"}}, {"type": "Feature", "geometry": {"type": "Point", "coordinates": [25.0, -9.0]}, "properties": {"source": "dryline", "date": "2026-10-04"}}, {"type": "Feature", "geometry": {"type": "Point", "coordinates": [25.25, -9.0]}, "properties": {"source": "dryline", "date": "2026-10-04"}}, {"type": "Feature", "geometry": {"type": "Point", "coordinates": [33.25, -9.0]}, "properties": {"source": "dryline", "date": "2026-10-04"}}, {"type": "Feature", "geometry": {"type": "Point", "coordinates": [33.5, -9.0]}, "properties": {"source": "dryline", "date": "2026-10-04"}}, {"type": "Feature", "geometry": {"type": "Point", "coordinates": [18.75, -9.25]}, "properties": {"source": "dryline", "date": "2026-10-04"}}, {"type": "Feature", "geometry": {"type": "Point", "coordinates": [19.0, -9.25]}, "properties": {"source": "dryline", "date": "2026-10-04"}}, {"type": "Feature", "geometry": {"type": "Point", "coordinates": [19.25, -9.25]}, "properties": {"source": "dryline", "date": "2026-10-04"}}, {"type": "Feature", "geometry": {"type": "Point", "coordinates": [25.25, -9.25]}, "properties": {"source": "dryline", "date": "2026-10-04"}}, {"type": "Feature", "geometry": {"type": "Point", "coordinates": [25.5, -9.25]}, "properties": {"source": "dryline", "date": "2026-10-04"}}, {"type": "Feature", "geometry": {"type": "Point", "coordinates": [33.75, -9.25]}, "properties": {"source": "dryline", "date": "2026-10-04"}}, {"type": "Feature", "geometry": {"type": "Point", "coordinates": [34.0, -9.25]}, "properties": {"source": "dryline", "date": "2026-10-04"}}, {"type": "Feature", "geometry": {"type": "Point", "coordinates": [18.25, -9.5]}, "properties": {"source": "dryline", "date": "2026-10-04"}}, {"type": "Feature", "geometry": {"type": "Point", "coordinates": [18.5, -9.5]}, "properties": {"source": "dryline", "date": "2026-10-04"}}, {"type": "Feature", "geometry": {"type": "Point", "coordinates": [18.75, -9.5]}, "properties": {"source": "dryline", "date": "2026-10-04"}}, {"type": "Feature", "geometry": {"type": "Point", "coordinates": [25.5, -9.5]}, "properties": {"source": "dryline", "date": "2026-10-04"}}, {"type": "Feature", "geometry": {"type": "Point", "coordinates": [34.0, -9.5]}, "properties": {"source": "dryline", "date": "2026-10-04"}}, {"type": "Feature", "geometry": {"type": "Point", "coordinates": [34.25, -9.5]}, "properties": {"source": "dryline", "date": "2026-10-04"}}, {"type": "Feature", "geometry": {"type": "Point", "coordinates": [17.75, -9.75]}, "properties": {"source": "dryline", "date": "2026-10-04"}}, {"type": "Feature", "geometry": {"type": "Point", "coordinates": [18.0, -9.75]}, "properties": {"source": "dryline", "date": "2026-10-04"}}, {"type": "Feature", "geometry": {"type": "Point", "coordinates": [18.25, -9.75]}, "properties": {"source": "dryline", "date": "2026-10-04"}}, {"type": "Feature", "geometry": {"type": "Point", "coordinates": [25.5, -9.75]}, "properties": {"source": "dryline", "date": "2026-10-04"}}, {"type": "Feature", "geometry": {"type": "Point", "coordinates": [25.75, -9.75]}, "properties": {"source": "dryline", "date": "2026-10-04"}}, {"type": "Feature", "geometry": {"type": "Point", "coordinates": [34.25, -9.75]}, "properties": {"source": "dryline", "date": "2026-10-04"}}, {"type": "Feature", "geometry": {"type": "Point", "coordinates": [34.5, -9.75]}, "properties": {"source": "dryline", "date": "2026-10-04"}}, {"type": "Feature", "geometry": {"type": "Point", "coordinates": [17.5, -10.0]}, "properties": {"source": "dryline", "date": "2026-10-04"}}, {"type": "Feature", "geometry": {"type": "Point", "coordinates": [17.75, -10.0]}, "properties": {"source": "dryline", "date": "2026-10-04"}}, {"type": "Feature", "geometry": {"type": "Point", "coordinates": [25.75, -10.0]}, "properties": {"source": "dryline", "date": "2026-10-04"}}, {"type": "Feature", "geometry": {"type": "Point", "coordinates": [34.5, -10.0]}, "properties": {"source": "dryline", "date": "2026-10-04"}}, {"type": "Feature", "geometry": {"type": "Point", "coordinates": [16.25, -10.25]}, "properties": {"source": "dryline", "date": "2026-10-04"}}, {"type": "Feature", "geometry": {"type": "Point", "coordinates": [16.5, -10.25]}, "properties": {"source": "dryline", "date": "2026-10-04"}}, {"type": "Feature", "geometry": {"type": "Point", "coordinates": [16.75, -10.25]}, "properties": {"source": "dryline", "date": "2026-10-04"}}, {"type": "Feature", "geometry": {"type": "Point", "coordinates": [17.0, -10.25]}, "properties": {"source": "dryline", "date": "2026-10-04"}}, {"type": "Feature", "geometry": {"type": "Point", "coordinates": [17.25, -10.25]}, "properties": {"source": "dryline", "date": "2026-10-04"}}, {"type": "Feature", "geometry": {"type": "Point", "coordinates": [17.5, -10.25]}, "properties": {"source": "dryline", "date": "2026-10-04"}}, {"type": "Feature", "geometry": {"type": "Point", "coordinates": [25.75, -10.25]}, "properties": {"source": "dryline", "date": "2026-10-04"}}, {"type": "Feature", "geometry": {"type": "Point", "coordinates": [34.75, -10.25]}, "properties": {"source": "dryline", "date": "2026-10-04"}}, {"type": "Feature", "geometry": {"type": "Point", "coordinates": [15.75, -10.5]}, "properties": {"source": "dryline", "date": "2026-10-04"}}, {"type": "Feature", "geometry": {"type": "Point", "coordinates": [16.0, -10.5]}, "properties": {"source": "dryline", "date": "2026-10-04"}}, {"type": "Feature", "geometry": {"type": "Point", "coordinates": [26.0, -10.5]}, "properties": {"source": "dryline", "date": "2026-10-04"}}, {"type": "Feature", "geometry": {"type": "Point", "coordinates": [34.75, -10.5]}, "properties": {"source": "dryline", "date": "2026-10-04"}}, {"type": "Feature", "geometry": {"type": "Point", "coordinates": [15.5, -10.75]}, "properties": {"source": "dryline", "date": "2026-10-04"}}, {"type": "Feature", "geometry": {"type": "Point", "coordinates": [15.75, -10.75]}, "properties": {"source": "dryline", "date": "2026-10-04"}}, {"type": "Feature", "geometry": {"type": "Point", "coordinates": [26.0, -10.75]}, "properties": {"source": "dryline", "date": "2026-10-04"}}, {"type": "Feature", "geometry": {"type": "Point", "coordinates": [26.25, -10.75]}, "properties": {"source": "dryline", "date": "2026-10-04"}}, {"type": "Feature", "geometry": {"type": "Point", "coordinates": [34.75, -10.75]}, "properties": {"source": "dryline", "date": "2026-10-04"}}, {"type": "Feature", "geometry": {"type": "Point", "coordinates": [15.5, -11.0]}, "properties": {"source": "dryline", "date": "2026-10-04"}}, {"type": "Feature", "geometry": {"type": "Point", "coordinates": [26.5, -11.0]}, "properties": {"source": "dryline", "date": "2026-10-04"}}, {"type": "Feature", "geometry": {"type": "Point", "coordinates": [34.75, -11.0]}, "properties": {"source": "dryline", "date": "2026-10-04"}}, {"type": "Feature", "geometry": {"type": "Point", "coordinates": [35.0, -11.0]}, "properties": {"source": "dryline", "date": "2026-10-04"}}, {"type": "Feature", "geometry": {"type": "Point", "coordinates": [15.5, -11.25]}, "properties": {"source": "dryline", "date": "2026-10-04"}}, {"type": "Feature", "geometry": {"type": "Point", "coordinates": [26.75, -11.25]}, "properties": {"source": "dryline", "date": "2026-10-04"}}, {"type": "Feature", "geometry": {"type": "Point", "coordinates": [35.0, -11.25]}, "properties": {"source": "dryline", "date": "2026-10-04"}}, {"type": "Feature", "geometry": {"type": "Point", "coordinates": [15.25, -11.5]}, "properties": {"source": "dryline", "date": "2026-10-04"}}, {"type": "Feature", "geometry": {"type": "Point", "coordinates": [26.75, -11.5]}, "properties": {"source": "dryline", "date": "2026-10-04"}}, {"type": "Feature", "geometry": {"type": "Point", "coordinates": [35.0, -11.5]}, "properties": {"source": "dryline", "date": "2026-10-04"}}, {"type": "Feature", "geometry": {"type": "Point", "coordinates": [35.25, -11.5]}, "properties": {"source": "dryline", "date": "2026-10-04"}}, {"type": "Feature", "geometry": {"type": "Point", "coordinates": [15.25, -11.75]}, "properties": {"source": "dryline", "date": "2026-10-04"}}, {"type": "Feature", "geometry": {"type": "Point", "coordinates": [26.75, -11.75]}, "properties": {"source": "dryline", "date": "2026-10-04"}}, {"type": "Feature", "geometry": {"type": "Point", "coordinates": [35.25, -11.75]}, "properties": {"source": "dryline", "date": "2026-10-04"}}, {"type": "Feature", "geometry": {"type": "Point", "coordinates": [35.5, -11.75]}, "properties": {"source": "dryline", "date": "2026-10-04"}}, {"type": "Feature", "geometry": {"type": "Point", "coordinates": [35.75, -11.75]}, "properties": {"source": "dryline", "date": "2026-10-04"}}, {"type": "Feature", "geometry": {"type": "Point", "coordinates": [36.0, -11.75]}, "properties": {"source": "dryline", "date": "2026-10-04"}}, {"type": "Feature", "geometry": {"type": "Point", "coordinates": [15.25, -12.0]}, "properties": {"source": "dryline", "date": "2026-10-04"}}, {"type": "Feature", "geometry": {"type": "Point", "coordinates": [26.75, -12.0]}, "properties": {"source": "dryline", "date": "2026-10-04"}}, {"type": "Feature", "geometry": {"type": "Point", "coordinates": [27.0, -12.0]}, "properties": {"source": "dryline", "date": "2026-10-04"}}, {"type": "Feature", "geometry": {"type": "Point", "coordinates": [35.25, -12.0]}, "properties": {"source": "dryline", "date": "2026-10-04"}}, {"type": "Feature", "geometry": {"type": "Point", "coordinates": [35.5, -12.0]}, "properties": {"source": "dryline", "date": "2026-10-04"}}, {"type": "Feature", "geometry": {"type": "Point", "coordinates": [15.25, -12.25]}, "properties": {"source": "dryline", "date": "2026-10-04"}}, {"type": "Feature", "geometry": {"type": "Point", "coordinates": [27.0, -12.25]}, "properties": {"source": "dryline", "date": "2026-10-04"}}, {"type": "Feature", "geometry": {"type": "Point", "coordinates": [35.25, -12.25]}, "properties": {"source": "dryline", "date": "2026-10-04"}}, {"type": "Feature", "geometry": {"type": "Point", "coordinates": [15.25, -12.5]}, "properties": {"source": "dryline", "date": "2026-10-04"}}, {"type": "Feature", "geometry": {"type": "Point", "coordinates": [27.0, -12.5]}, "properties": {"source": "dryline", "date": "2026-10-04"}}, {"type": "Feature", "geometry": {"type": "Point", "coordinates": [35.0, -12.5]}, "properties": {"source": "dryline", "date": "2026-10-04"}}, {"type": "Feature", "geometry": {"type": "Point", "coordinates": [15.25, -12.75]}, "properties": {"source": "dryline", "date": "2026-10-04"}}, {"type": "Feature", "geometry": {"type": "Point", "coordinates": [27.0, -12.75]}, "properties": {"source": "dryline", "date": "2026-10-04"}}, {"type": "Feature", "geometry": {"type": "Point", "coordinates": [35.0, -12.75]}, "properties": {"source": "dryline", "date": "2026-10-04"}}, {"type": "Feature", "geometry": {"type": "Point", "coordinates": [15.25, -13.0]}, "properties": {"source": "dryline", "date": "2026-10-04"}}, {"type": "Feature", "geometry": {"type": "Point", "coordinates": [27.0, -13.0]}, "properties": {"source": "dryline", "date": "2026-10-04"}}, {"type": "Feature", "geometry": {"type": "Point", "coordinates": [15.5, -13.25]}, "properties": {"source": "dryline", "date": "2026-10-04"}}, {"type": "Feature", "geometry": {"type": "Point", "coordinates": [27.0, -13.25]}, "properties": {"source": "dryline", "date": "2026-10-04"}}, {"type": "Feature", "geometry": {"type": "Point", "coordinates": [15.5, -13.5]}, "properties": {"source": "dryline", "date": "2026-10-04"}}, {"type": "Feature", "geometry": {"type": "Point", "coordinates": [27.0, -13.5]}, "properties": {"source": "dryline", "date": "2026-10-04"}}, {"type": "Feature", "geometry": {"type": "Point", "coordinates": [15.75, -13.75]}, "properties": {"source": "dryline", "date": "2026-10-04"}}, {"type": "Feature", "geometry": {"type": "Point", "coordinates": [27.0, -13.75]}, "properties": {"source": "dryline", "date": "2026-10-04"}}, {"type": "Feature", "geometry": {"type": "Point", "coordinates": [16.0, -14.0]}, "properties": {"source": "dryline", "date": "2026-10-04"}}, {"type": "Feature", "geometry": {"type": "Point", "coordinates": [27.0, -14.0]}, "properties": {"source": "dryline", "date": "2026-10-04"}}, {"type": "Feature", "geometry": {"type": "Point", "coordinates": [16.0, -14.25]}, "properties": {"source": "dryline", "date": "2026-10-04"}}, {"type": "Feature", "geometry": {"type": "Point", "coordinates": [16.25, -14.25]}, "properties": {"source": "dryline", "date": "2026-10-04"}}, {"type": "Feature", "geometry": {"type": "Point", "coordinates": [27.0, -14.25]}, "properties": {"source": "dryline", "date": "2026-10-04"}}, {"type": "Feature", "geometry": {"type": "Point", "coordinates": [16.25, -14.5]}, "properties": {"source": "dryline", "date": "2026-10-04"}}, {"type": "Feature", "geometry": {"type": "Point", "coordinates": [16.25, -14.75]}, "properties": {"source": "dryline", "date": "2026-10-04"}}, {"type": "Feature", "geometry": {"type": "Point", "coordinates": [16.5, -14.75]}, "properties": {"source": "dryline", "date": "2026-10-04"}}, {"type": "Feature", "geometry": {"type": "Point", "coordinates": [16.5, -15.0]}, "properties": {"source": "dryline", "date": "2026-10-04"}}, {"type": "Feature", "geometry": {"type": "Point", "coordinates": [16.5, -15.25]}, "properties": {"source": "dryline", "date": "2026-10-04"}}, {"type": "Feature", "geometry": {"type": "Point", "coordinates": [16.75, -15.5]}, "properties": {"source": "dryline", "date": "2026-10-04"}}, {"type": "Feature", "geometry": {"type": "Point", "coordinates": [16.75, -15.75]}, "properties": {"source": "dryline", "date": "2026-10-04"}}, {"type": "Feature", "geometry": {"type": "Point", "coordinates": [16.75, -16.0]}, "properties": {"source": "dryline", "date": "2026-10-04"}}, {"type": "Feature", "geometry": {"type": "Point", "coordinates": [49.5, -16.0]}, "properties": {"source": "dryline", "date": "2026-10-04"}}, {"type": "Feature", "geometry": {"type": "Point", "coordinates": [16.75, -16.25]}, "properties": {"source": "dryline", "date": "2026-10-04"}}, {"type": "Feature", "geometry": {"type": "Point", "coordinates": [17.0, -16.25]}, "properties": {"source": "dryline", "date": "2026-10-04"}}, {"type": "Feature", "geometry": {"type": "Point", "coordinates": [49.5, -16.25]}, "properties": {"source": "dryline", "date": "2026-10-04"}}, {"type": "Feature", "geometry": {"type": "Point", "coordinates": [16.75, -16.5]}, "properties": {"source": "dryline", "date": "2026-10-04"}}, {"type": "Feature", "geometry": {"type": "Point", "coordinates": [49.5, -16.5]}, "properties": {"source": "dryline", "date": "2026-10-04"}}, {"type": "Feature", "geometry": {"type": "Point", "coordinates": [16.5, -16.75]}, "properties": {"source": "dryline", "date": "2026-10-04"}}, {"type": "Feature", "geometry": {"type": "Point", "coordinates": [49.5, -16.75]}, "properties": {"source": "dryline", "date": "2026-10-04"}}, {"type": "Feature", "geometry": {"type": "Point", "coordinates": [16.25, -17.0]}, "properties": {"source": "dryline", "date": "2026-10-04"}}, {"type": "Feature", "geometry": {"type": "Point", "coordinates": [49.25, -17.0]}, "properties": {"source": "dryline", "date": "2026-10-04"}}, {"type": "Feature", "geometry": {"type": "Point", "coordinates": [49.25, -17.25]}, "properties": {"source": "dryline", "date": "2026-10-04"}}, {"type": "Feature", "geometry": {"type": "Point", "coordinates": [49.25, -17.5]}, "properties": {"source": "dryline", "date": "2026-10-04"}}, {"type": "Feature", "geometry": {"type": "Point", "coordinates": [49.25, -17.75]}, "properties": {"source": "dryline", "date": "2026-10-04"}}, {"type": "Feature", "geometry": {"type": "Point", "coordinates": [49.25, -18.0]}, "properties": {"source": "dryline", "date": "2026-10-04"}}, {"type": "Feature", "geometry": {"type": "Point", "coordinates": [49.0, -18.25]}, "properties": {"source": "dryline", "date": "2026-10-04"}}, {"type": "Feature", "geometry": {"type": "Point", "coordinates": [49.0, -18.5]}, "properties": {"source": "dryline", "date": "2026-10-04"}}, {"type": "Feature", "geometry": {"type": "Point", "coordinates": [17.75, -18.75]}, "properties": {"source": "dryline", "date": "2026-10-04"}}, {"type": "Feature", "geometry": {"type": "Point", "coordinates": [18.0, -18.75]}, "properties": {"source": "dryline", "date": "2026-10-04"}}, {"type": "Feature", "geometry": {"type": "Point", "coordinates": [18.25, -18.75]}, "properties": {"source": "dryline", "date": "2026-10-04"}}, {"type": "Feature", "geometry": {"type": "Point", "coordinates": [48.75, -18.75]}, "properties": {"source": "dryline", "date": "2026-10-04"}}, {"type": "Feature", "geometry": {"type": "Point", "coordinates": [49.0, -18.75]}, "properties": {"source": "dryline", "date": "2026-10-04"}}, {"type": "Feature", "geometry": {"type": "Point", "coordinates": [18.5, -19.0]}, "properties": {"source": "dryline", "date": "2026-10-04"}}, {"type": "Feature", "geometry": {"type": "Point", "coordinates": [18.75, -19.0]}, "properties": {"source": "dryline", "date": "2026-10-04"}}, {"type": "Feature", "geometry": {"type": "Point", "coordinates": [19.0, -19.0]}, "properties": {"source": "dryline", "date": "2026-10-04"}}, {"type": "Feature", "geometry": {"type": "Point", "coordinates": [19.25, -19.0]}, "properties": {"source": "dryline", "date": "2026-10-04"}}, {"type": "Feature", "geometry": {"type": "Point", "coordinates": [19.5, -19.0]}, "properties": {"source": "dryline", "date": "2026-10-04"}}, {"type": "Feature", "geometry": {"type": "Point", "coordinates": [19.75, -19.0]}, "properties": {"source": "dryline", "date": "2026-10-04"}}, {"type": "Feature", "geometry": {"type": "Point", "coordinates": [20.0, -19.0]}, "properties": {"source": "dryline", "date": "2026-10-04"}}, {"type": "Feature", "geometry": {"type": "Point", "coordinates": [20.25, -19.0]}, "properties": {"source": "dryline", "date": "2026-10-04"}}, {"type": "Feature", "geometry": {"type": "Point", "coordinates": [48.75, -19.0]}, "properties": {"source": "dryline", "date": "2026-10-04"}}, {"type": "Feature", "geometry": {"type": "Point", "coordinates": [20.5, -19.25]}, "properties": {"source": "dryline", "date": "2026-10-04"}}, {"type": "Feature", "geometry": {"type": "Point", "coordinates": [20.75, -19.25]}, "properties": {"source": "dryline", "date": "2026-10-04"}}, {"type": "Feature", "geometry": {"type": "Point", "coordinates": [33.75, -19.25]}, "properties": {"source": "dryline", "date": "2026-10-04"}}, {"type": "Feature", "geometry": {"type": "Point", "coordinates": [48.75, -19.25]}, "properties": {"source": "dryline", "date": "2026-10-04"}}, {"type": "Feature", "geometry": {"type": "Point", "coordinates": [13.0, -19.5]}, "properties": {"source": "dryline", "date": "2026-10-04"}}, {"type": "Feature", "geometry": {"type": "Point", "coordinates": [21.0, -19.5]}, "properties": {"source": "dryline", "date": "2026-10-04"}}, {"type": "Feature", "geometry": {"type": "Point", "coordinates": [21.25, -19.5]}, "properties": {"source": "dryline", "date": "2026-10-04"}}, {"type": "Feature", "geometry": {"type": "Point", "coordinates": [33.75, -19.5]}, "properties": {"source": "dryline", "date": "2026-10-04"}}, {"type": "Feature", "geometry": {"type": "Point", "coordinates": [48.5, -19.5]}, "properties": {"source": "dryline", "date": "2026-10-04"}}, {"type": "Feature", "geometry": {"type": "Point", "coordinates": [13.0, -19.75]}, "properties": {"source": "dryline", "date": "2026-10-04"}}, {"type": "Feature", "geometry": {"type": "Point", "coordinates": [13.25, -19.75]}, "properties": {"source": "dryline", "date": "2026-10-04"}}, {"type": "Feature", "geometry": {"type": "Point", "coordinates": [15.75, -19.75]}, "properties": {"source": "dryline", "date": "2026-10-04"}}, {"type": "Feature", "geometry": {"type": "Point", "coordinates": [21.25, -19.75]}, "properties": {"source": "dryline", "date": "2026-10-04"}}, {"type": "Feature", "geometry": {"type": "Point", "coordinates": [33.75, -19.75]}, "properties": {"source": "dryline", "date": "2026-10-04"}}, {"type": "Feature", "geometry": {"type": "Point", "coordinates": [48.5, -19.75]}, "properties": {"source": "dryline", "date": "2026-10-04"}}, {"type": "Feature", "geometry": {"type": "Point", "coordinates": [13.25, -20.0]}, "properties": {"source": "dryline", "date": "2026-10-04"}}, {"type": "Feature", "geometry": {"type": "Point", "coordinates": [15.75, -20.0]}, "properties": {"source": "dryline", "date": "2026-10-04"}}, {"type": "Feature", "geometry": {"type": "Point", "coordinates": [16.0, -20.0]}, "properties": {"source": "dryline", "date": "2026-10-04"}}, {"type": "Feature", "geometry": {"type": "Point", "coordinates": [21.5, -20.0]}, "properties": {"source": "dryline", "date": "2026-10-04"}}, {"type": "Feature", "geometry": {"type": "Point", "coordinates": [34.0, -20.0]}, "properties": {"source": "dryline", "date": "2026-10-04"}}, {"type": "Feature", "geometry": {"type": "Point", "coordinates": [48.25, -20.0]}, "properties": {"source": "dryline", "date": "2026-10-04"}}, {"type": "Feature", "geometry": {"type": "Point", "coordinates": [48.5, -20.0]}, "properties": {"source": "dryline", "date": "2026-10-04"}}, {"type": "Feature", "geometry": {"type": "Point", "coordinates": [13.5, -20.25]}, "properties": {"source": "dryline", "date": "2026-10-04"}}, {"type": "Feature", "geometry": {"type": "Point", "coordinates": [16.0, -20.25]}, "properties": {"source": "dryline", "date": "2026-10-04"}}, {"type": "Feature", "geometry": {"type": "Point", "coordinates": [21.5, -20.25]}, "properties": {"source": "dryline", "date": "2026-10-04"}}, {"type": "Feature", "geometry": {"type": "Point", "coordinates": [21.75, -20.25]}, "properties": {"source": "dryline", "date": "2026-10-04"}}, {"type": "Feature", "geometry": {"type": "Point", "coordinates": [34.0, -20.25]}, "properties": {"source": "dryline", "date": "2026-10-04"}}, {"type": "Feature", "geometry": {"type": "Point", "coordinates": [34.25, -20.25]}, "properties": {"source": "dryline", "date": "2026-10-04"}}, {"type": "Feature", "geometry": {"type": "Point", "coordinates": [48.0, -20.25]}, "properties": {"source": "dryline", "date": "2026-10-04"}}, {"type": "Feature", "geometry": {"type": "Point", "coordinates": [48.25, -20.25]}, "properties": {"source": "dryline", "date": "2026-10-04"}}, {"type": "Feature", "geometry": {"type": "Point", "coordinates": [13.5, -20.5]}, "properties": {"source": "dryline", "date": "2026-10-04"}}, {"type": "Feature", "geometry": {"type": "Point", "coordinates": [13.75, -20.5]}, "properties": {"source": "dryline", "date": "2026-10-04"}}, {"type": "Feature", "geometry": {"type": "Point", "coordinates": [16.25, -20.5]}, "properties": {"source": "dryline", "date": "2026-10-04"}}, {"type": "Feature", "geometry": {"type": "Point", "coordinates": [21.75, -20.5]}, "properties": {"source": "dryline", "date": "2026-10-04"}}, {"type": "Feature", "geometry": {"type": "Point", "coordinates": [34.25, -20.5]}, "properties": {"source": "dryline", "date": "2026-10-04"}}, {"type": "Feature", "geometry": {"type": "Point", "coordinates": [48.0, -20.5]}, "properties": {"source": "dryline", "date": "2026-10-04"}}, {"type": "Feature", "geometry": {"type": "Point", "coordinates": [13.75, -20.75]}, "properties": {"source": "dryline", "date": "2026-10-04"}}, {"type": "Feature", "geometry": {"type": "Point", "coordinates": [14.0, -20.75]}, "properties": {"source": "dryline", "date": "2026-10-04"}}, {"type": "Feature", "geometry": {"type": "Point", "coordinates": [16.25, -20.75]}, "properties": {"source": "dryline", "date": "2026-10-04"}}, {"type": "Feature", "geometry": {"type": "Point", "coordinates": [21.75, -20.75]}, "properties": {"source": "dryline", "date": "2026-10-04"}}, {"type": "Feature", "geometry": {"type": "Point", "coordinates": [22.0, -20.75]}, "properties": {"source": "dryline", "date": "2026-10-04"}}, {"type": "Feature", "geometry": {"type": "Point", "coordinates": [34.25, -20.75]}, "properties": {"source": "dryline", "date": "2026-10-04"}}, {"type": "Feature", "geometry": {"type": "Point", "coordinates": [34.5, -20.75]}, "properties": {"source": "dryline", "date": "2026-10-04"}}, {"type": "Feature", "geometry": {"type": "Point", "coordinates": [47.75, -20.75]}, "properties": {"source": "dryline", "date": "2026-10-04"}}, {"type": "Feature", "geometry": {"type": "Point", "coordinates": [48.0, -20.75]}, "properties": {"source": "dryline", "date": "2026-10-04"}}, {"type": "Feature", "geometry": {"type": "Point", "coordinates": [14.0, -21.0]}, "properties": {"source": "dryline", "date": "2026-10-04"}}, {"type": "Feature", "geometry": {"type": "Point", "coordinates": [14.25, -21.0]}, "properties": {"source": "dryline", "date": "2026-10-04"}}, {"type": "Feature", "geometry": {"type": "Point", "coordinates": [16.25, -21.0]}, "properties": {"source": "dryline", "date": "2026-10-04"}}, {"type": "Feature", "geometry": {"type": "Point", "coordinates": [22.0, -21.0]}, "properties": {"source": "dryline", "date": "2026-10-04"}}, {"type": "Feature", "geometry": {"type": "Point", "coordinates": [22.25, -21.0]}, "properties": {"source": "dryline", "date": "2026-10-04"}}, {"type": "Feature", "geometry": {"type": "Point", "coordinates": [34.5, -21.0]}, "properties": {"source": "dryline", "date": "2026-10-04"}}, {"type": "Feature", "geometry": {"type": "Point", "coordinates": [47.75, -21.0]}, "properties": {"source": "dryline", "date": "2026-10-04"}}, {"type": "Feature", "geometry": {"type": "Point", "coordinates": [14.25, -21.25]}, "properties": {"source": "dryline", "date": "2026-10-04"}}, {"type": "Feature", "geometry": {"type": "Point", "coordinates": [16.25, -21.25]}, "properties": {"source": "dryline", "date": "2026-10-04"}}, {"type": "Feature", "geometry": {"type": "Point", "coordinates": [22.25, -21.25]}, "properties": {"source": "dryline", "date": "2026-10-04"}}, {"type": "Feature", "geometry": {"type": "Point", "coordinates": [34.5, -21.25]}, "properties": {"source": "dryline", "date": "2026-10-04"}}, {"type": "Feature", "geometry": {"type": "Point", "coordinates": [34.75, -21.25]}, "properties": {"source": "dryline", "date": "2026-10-04"}}, {"type": "Feature", "geometry": {"type": "Point", "coordinates": [47.75, -21.25]}, "properties": {"source": "dryline", "date": "2026-10-04"}}, {"type": "Feature", "geometry": {"type": "Point", "coordinates": [14.5, -21.5]}, "properties": {"source": "dryline", "date": "2026-10-04"}}, {"type": "Feature", "geometry": {"type": "Point", "coordinates": [16.5, -21.5]}, "properties": {"source": "dryline", "date": "2026-10-04"}}, {"type": "Feature", "geometry": {"type": "Point", "coordinates": [22.25, -21.5]}, "properties": {"source": "dryline", "date": "2026-10-04"}}, {"type": "Feature", "geometry": {"type": "Point", "coordinates": [22.5, -21.5]}, "properties": {"source": "dryline", "date": "2026-10-04"}}, {"type": "Feature", "geometry": {"type": "Point", "coordinates": [34.75, -21.5]}, "properties": {"source": "dryline", "date": "2026-10-04"}}, {"type": "Feature", "geometry": {"type": "Point", "coordinates": [47.5, -21.5]}, "properties": {"source": "dryline", "date": "2026-10-04"}}, {"type": "Feature", "geometry": {"type": "Point", "coordinates": [14.5, -21.75]}, "properties": {"source": "dryline", "date": "2026-10-04"}}, {"type": "Feature", "geometry": {"type": "Point", "coordinates": [14.75, -21.75]}, "properties": {"source": "dryline", "date": "2026-10-04"}}, {"type": "Feature", "geometry": {"type": "Point", "coordinates": [16.5, -21.75]}, "properties": {"source": "dryline", "date": "2026-10-04"}}, {"type": "Feature", "geometry": {"type": "Point", "coordinates": [16.75, -21.75]}, "properties": {"source": "dryline", "date": "2026-10-04"}}, {"type": "Feature", "geometry": {"type": "Point", "coordinates": [22.5, -21.75]}, "properties": {"source": "dryline", "date": "2026-10-04"}}, {"type": "Feature", "geometry": {"type": "Point", "coordinates": [22.75, -21.75]}, "properties": {"source": "dryline", "date": "2026-10-04"}}, {"type": "Feature", "geometry": {"type": "Point", "coordinates": [35.0, -21.75]}, "properties": {"source": "dryline", "date": "2026-10-04"}}, {"type": "Feature", "geometry": {"type": "Point", "coordinates": [47.5, -21.75]}, "properties": {"source": "dryline", "date": "2026-10-04"}}, {"type": "Feature", "geometry": {"type": "Point", "coordinates": [14.75, -22.0]}, "properties": {"source": "dryline", "date": "2026-10-04"}}, {"type": "Feature", "geometry": {"type": "Point", "coordinates": [16.75, -22.0]}, "properties": {"source": "dryline", "date": "2026-10-04"}}, {"type": "Feature", "geometry": {"type": "Point", "coordinates": [22.75, -22.0]}, "properties": {"source": "dryline", "date": "2026-10-04"}}, {"type": "Feature", "geometry": {"type": "Point", "coordinates": [35.0, -22.0]}, "properties": {"source": "dryline", "date": "2026-10-04"}}, {"type": "Feature", "geometry": {"type": "Point", "coordinates": [47.25, -22.0]}, "properties": {"source": "dryline", "date": "2026-10-04"}}, {"type": "Feature", "geometry": {"type": "Point", "coordinates": [47.5, -22.0]}, "properties": {"source": "dryline", "date": "2026-10-04"}}, {"type": "Feature", "geometry": {"type": "Point", "coordinates": [14.75, -22.25]}, "properties": {"source": "dryline", "date": "2026-10-04"}}, {"type": "Feature", "geometry": {"type": "Point", "coordinates": [15.0, -22.25]}, "properties": {"source": "dryline", "date": "2026-10-04"}}, {"type": "Feature", "geometry": {"type": "Point", "coordinates": [17.0, -22.25]}, "properties": {"source": "dryline", "date": "2026-10-04"}}, {"type": "Feature", "geometry": {"type": "Point", "coordinates": [17.25, -22.25]}, "properties": {"source": "dryline", "date": "2026-10-04"}}, {"type": "Feature", "geometry": {"type": "Point", "coordinates": [23.0, -22.25]}, "properties": {"source": "dryline", "date": "2026-10-04"}}, {"type": "Feature", "geometry": {"type": "Point", "coordinates": [35.0, -22.25]}, "properties": {"source": "dryline", "date": "2026-10-04"}}, {"type": "Feature", "geometry": {"type": "Point", "coordinates": [47.25, -22.25]}, "properties": {"source": "dryline", "date": "2026-10-04"}}, {"type": "Feature", "geometry": {"type": "Point", "coordinates": [15.0, -22.5]}, "properties": {"source": "dryline", "date": "2026-10-04"}}, {"type": "Feature", "geometry": {"type": "Point", "coordinates": [17.25, -22.5]}, "properties": {"source": "dryline", "date": "2026-10-04"}}, {"type": "Feature", "geometry": {"type": "Point", "coordinates": [17.5, -22.5]}, "properties": {"source": "dryline", "date": "2026-10-04"}}, {"type": "Feature", "geometry": {"type": "Point", "coordinates": [23.0, -22.5]}, "properties": {"source": "dryline", "date": "2026-10-04"}}, {"type": "Feature", "geometry": {"type": "Point", "coordinates": [34.75, -22.5]}, "properties": {"source": "dryline", "date": "2026-10-04"}}, {"type": "Feature", "geometry": {"type": "Point", "coordinates": [35.0, -22.5]}, "properties": {"source": "dryline", "date": "2026-10-04"}}, {"type": "Feature", "geometry": {"type": "Point", "coordinates": [47.25, -22.5]}, "properties": {"source": "dryline", "date": "2026-10-04"}}, {"type": "Feature", "geometry": {"type": "Point", "coordinates": [15.0, -22.75]}, "properties": {"source": "dryline", "date": "2026-10-04"}}, {"type": "Feature", "geometry": {"type": "Point", "coordinates": [17.5, -22.75]}, "properties": {"source": "dryline", "date": "2026-10-04"}}, {"type": "Feature", "geometry": {"type": "Point", "coordinates": [23.0, -22.75]}, "properties": {"source": "dryline", "date": "2026-10-04"}}, {"type": "Feature", "geometry": {"type": "Point", "coordinates": [31.5, -22.75]}, "properties": {"source": "dryline", "date": "2026-10-04"}}, {"type": "Feature", "geometry": {"type": "Point", "coordinates": [31.75, -22.75]}, "properties": {"source": "dryline", "date": "2026-10-04"}}, {"type": "Feature", "geometry": {"type": "Point", "coordinates": [32.0, -22.75]}, "properties": {"source": "dryline", "date": "2026-10-04"}}, {"type": "Feature", "geometry": {"type": "Point", "coordinates": [32.25, -22.75]}, "properties": {"source": "dryline", "date": "2026-10-04"}}, {"type": "Feature", "geometry": {"type": "Point", "coordinates": [32.5, -22.75]}, "properties": {"source": "dryline", "date": "2026-10-04"}}, {"type": "Feature", "geometry": {"type": "Point", "coordinates": [32.75, -22.75]}, "properties": {"source": "dryline", "date": "2026-10-04"}}, {"type": "Feature", "geometry": {"type": "Point", "coordinates": [33.0, -22.75]}, "properties": {"source": "dryline", "date": "2026-10-04"}}, {"type": "Feature", "geometry": {"type": "Point", "coordinates": [33.25, -22.75]}, "properties": {"source": "dryline", "date": "2026-10-04"}}, {"type": "Feature", "geometry": {"type": "Point", "coordinates": [33.5, -22.75]}, "properties": {"source": "dryline", "date": "2026-10-04"}}, {"type": "Feature", "geometry": {"type": "Point", "coordinates": [33.75, -22.75]}, "properties": {"source": "dryline", "date": "2026-10-04"}}, {"type": "Feature", "geometry": {"type": "Point", "coordinates": [34.0, -22.75]}, "properties": {"source": "dryline", "date": "2026-10-04"}}, {"type": "Feature", "geometry": {"type": "Point", "coordinates": [34.25, -22.75]}, "properties": {"source": "dryline", "date": "2026-10-04"}}, {"type": "Feature", "geometry": {"type": "Point", "coordinates": [34.5, -22.75]}, "properties": {"source": "dryline", "date": "2026-10-04"}}, {"type": "Feature", "geometry": {"type": "Point", "coordinates": [34.75, -22.75]}, "properties": {"source": "dryline", "date": "2026-10-04"}}, {"type": "Feature", "geometry": {"type": "Point", "coordinates": [15.0, -23.0]}, "properties": {"source": "dryline", "date": "2026-10-04"}}, {"type": "Feature", "geometry": {"type": "Point", "coordinates": [17.75, -23.0]}, "properties": {"source": "dryline", "date": "2026-10-04"}}, {"type": "Feature", "geometry": {"type": "Point", "coordinates": [23.25, -23.0]}, "properties": {"source": "dryline", "date": "2026-10-04"}}, {"type": "Feature", "geometry": {"type": "Point", "coordinates": [31.0, -23.0]}, "properties": {"source": "dryline", "date": "2026-10-04"}}, {"type": "Feature", "geometry": {"type": "Point", "coordinates": [31.25, -23.0]}, "properties": {"source": "dryline", "date": "2026-10-04"}}, {"type": "Feature", "geometry": {"type": "Point", "coordinates": [15.25, -23.25]}, "properties": {"source": "dryline", "date": "2026-10-04"}}, {"type": "Feature", "geometry": {"type": "Point", "coordinates": [17.75, -23.25]}, "properties": {"source": "dryline", "date": "2026-10-04"}}, {"type": "Feature", "geometry": {"type": "Point", "coordinates": [23.25, -23.25]}, "properties": {"source": "dryline", "date": "2026-10-04"}}, {"type": "Feature", "geometry": {"type": "Point", "coordinates": [30.75, -23.25]}, "properties": {"source": "dryline", "date": "2026-10-04"}}, {"type": "Feature", "geometry": {"type": "Point", "coordinates": [31.0, -23.25]}, "properties": {"source": "dryline", "date": "2026-10-04"}}, {"type": "Feature", "geometry": {"type": "Point", "coordinates": [15.25, -23.5]}, "properties": {"source": "dryline", "date": "2026-10-04"}}, {"type": "Feature", "geometry": {"type": "Point", "coordinates": [17.75, -23.5]}, "properties": {"source": "dryline", "date": "2026-10-04"}}, {"type": "Feature", "geometry": {"type": "Point", "coordinates": [23.5, -23.5]}, "properties": {"source": "dryline", "date": "2026-10-04"}}, {"type": "Feature", "geometry": {"type": "Point", "coordinates": [30.5, -23.5]}, "properties": {"source": "dryline", "date": "2026-10-04"}}, {"type": "Feature", "geometry": {"type": "Point", "coordinates": [15.25, -23.75]}, "properties": {"source": "dryline", "date": "2026-10-04"}}, {"type": "Feature", "geometry": {"type": "Point", "coordinates": [17.75, -23.75]}, "properties": {"source": "dryline", "date": "2026-10-04"}}, {"type": "Feature", "geometry": {"type": "Point", "coordinates": [23.5, -23.75]}, "properties": {"source": "dryline", "date": "2026-10-04"}}, {"type": "Feature", "geometry": {"type": "Point", "coordinates": [30.5, -23.75]}, "properties": {"source": "dryline", "date": "2026-10-04"}}, {"type": "Feature", "geometry": {"type": "Point", "coordinates": [15.25, -24.0]}, "properties": {"source": "dryline", "date": "2026-10-04"}}, {"type": "Feature", "geometry": {"type": "Point", "coordinates": [17.75, -24.0]}, "properties": {"source": "dryline", "date": "2026-10-04"}}, {"type": "Feature", "geometry": {"type": "Point", "coordinates": [23.75, -24.0]}, "properties": {"source": "dryline", "date": "2026-10-04"}}, {"type": "Feature", "geometry": {"type": "Point", "coordinates": [30.5, -24.0]}, "properties": {"source": "dryline", "date": "2026-10-04"}}, {"type": "Feature", "geometry": {"type": "Point", "coordinates": [15.25, -24.25]}, "properties": {"source": "dryline", "date": "2026-10-04"}}, {"type": "Feature", "geometry": {"type": "Point", "coordinates": [17.5, -24.25]}, "properties": {"source": "dryline", "date": "2026-10-04"}}, {"type": "Feature", "geometry": {"type": "Point", "coordinates": [23.75, -24.25]}, "properties": {"source": "dryline", "date": "2026-10-04"}}, {"type": "Feature", "geometry": {"type": "Point", "coordinates": [30.5, -24.25]}, "properties": {"source": "dryline", "date": "2026-10-04"}}, {"type": "Feature", "geometry": {"type": "Point", "coordinates": [15.25, -24.5]}, "properties": {"source": "dryline", "date": "2026-10-04"}}, {"type": "Feature", "geometry": {"type": "Point", "coordinates": [17.5, -24.5]}, "properties": {"source": "dryline", "date": "2026-10-04"}}, {"type": "Feature", "geometry": {"type": "Point", "coordinates": [24.0, -24.5]}, "properties": {"source": "dryline", "date": "2026-10-04"}}, {"type": "Feature", "geometry": {"type": "Point", "coordinates": [30.5, -24.5]}, "properties": {"source": "dryline", "date": "2026-10-04"}}, {"type": "Feature", "geometry": {"type": "Point", "coordinates": [15.25, -24.75]}, "properties": {"source": "dryline", "date": "2026-10-04"}}, {"type": "Feature", "geometry": {"type": "Point", "coordinates": [17.0, -24.75]}, "properties": {"source": "dryline", "date": "2026-10-04"}}, {"type": "Feature", "geometry": {"type": "Point", "coordinates": [17.25, -24.75]}, "properties": {"source": "dryline", "date": "2026-10-04"}}, {"type": "Feature", "geometry": {"type": "Point", "coordinates": [24.0, -24.75]}, "properties": {"source": "dryline", "date": "2026-10-04"}}, {"type": "Feature", "geometry": {"type": "Point", "coordinates": [30.5, -24.75]}, "properties": {"source": "dryline", "date": "2026-10-04"}}, {"type": "Feature", "geometry": {"type": "Point", "coordinates": [30.75, -24.75]}, "properties": {"source": "dryline", "date": "2026-10-04"}}, {"type": "Feature", "geometry": {"type": "Point", "coordinates": [15.25, -25.0]}, "properties": {"source": "dryline", "date": "2026-10-04"}}, {"type": "Feature", "geometry": {"type": "Point", "coordinates": [16.75, -25.0]}, "properties": {"source": "dryline", "date": "2026-10-04"}}, {"type": "Feature", "geometry": {"type": "Point", "coordinates": [17.0, -25.0]}, "properties": {"source": "dryline", "date": "2026-10-04"}}, {"type": "Feature", "geometry": {"type": "Point", "coordinates": [24.0, -25.0]}, "properties": {"source": "dryline", "date": "2026-10-04"}}, {"type": "Feature", "geometry": {"type": "Point", "coordinates": [30.75, -25.0]}, "properties": {"source": "dryline", "date": "2026-10-04"}}, {"type": "Feature", "geometry": {"type": "Point", "coordinates": [15.25, -25.25]}, "properties": {"source": "dryline", "date": "2026-10-04"}}, {"type": "Feature", "geometry": {"type": "Point", "coordinates": [16.75, -25.25]}, "properties": {"source": "dryline", "date": "2026-10-04"}}, {"type": "Feature", "geometry": {"type": "Point", "coordinates": [17.0, -25.25]}, "properties": {"source": "dryline", "date": "2026-10-04"}}, {"type": "Feature", "geometry": {"type": "Point", "coordinates": [24.0, -25.25]}, "properties": {"source": "dryline", "date": "2026-10-04"}}, {"type": "Feature", "geometry": {"type": "Point", "coordinates": [30.75, -25.25]}, "properties": {"source": "dryline", "date": "2026-10-04"}}, {"type": "Feature", "geometry": {"type": "Point", "coordinates": [15.25, -25.5]}, "properties": {"source": "dryline", "date": "2026-10-04"}}, {"type": "Feature", "geometry": {"type": "Point", "coordinates": [16.5, -25.5]}, "properties": {"source": "dryline", "date": "2026-10-04"}}, {"type": "Feature", "geometry": {"type": "Point", "coordinates": [16.75, -25.5]}, "properties": {"source": "dryline", "date": "2026-10-04"}}, {"type": "Feature", "geometry": {"type": "Point", "coordinates": [23.75, -25.5]}, "properties": {"source": "dryline", "date": "2026-10-04"}}, {"type": "Feature", "geometry": {"type": "Point", "coordinates": [24.0, -25.5]}, "properties": {"source": "dryline", "date": "2026-10-04"}}, {"type": "Feature", "geometry": {"type": "Point", "coordinates": [30.75, -25.5]}, "properties": {"source": "dryline", "date": "2026-10-04"}}, {"type": "Feature", "geometry": {"type": "Point", "coordinates": [15.25, -25.75]}, "properties": {"source": "dryline", "date": "2026-10-04"}}, {"type": "Feature", "geometry": {"type": "Point", "coordinates": [15.5, -25.75]}, "properties": {"source": "dryline", "date": "2026-10-04"}}, {"type": "Feature", "geometry": {"type": "Point", "coordinates": [16.5, -25.75]}, "properties": {"source": "dryline", "date": "2026-10-04"}}, {"type": "Feature", "geometry": {"type": "Point", "coordinates": [23.75, -25.75]}, "properties": {"source": "dryline", "date": "2026-10-04"}}, {"type": "Feature", "geometry": {"type": "Point", "coordinates": [30.75, -25.75]}, "properties": {"source": "dryline", "date": "2026-10-04"}}, {"type": "Feature", "geometry": {"type": "Point", "coordinates": [15.5, -26.0]}, "properties": {"source": "dryline", "date": "2026-10-04"}}, {"type": "Feature", "geometry": {"type": "Point", "coordinates": [23.75, -26.0]}, "properties": {"source": "dryline", "date": "2026-10-04"}}, {"type": "Feature", "geometry": {"type": "Point", "coordinates": [30.75, -26.0]}, "properties": {"source": "dryline", "date": "2026-10-04"}}, {"type": "Feature", "geometry": {"type": "Point", "coordinates": [23.75, -26.25]}, "properties": {"source": "dryline", "date": "2026-10-04"}}, {"type": "Feature", "geometry": {"type": "Point", "coordinates": [30.75, -26.25]}, "properties": {"source": "dryline", "date": "2026-10-04"}}, {"type": "Feature", "geometry": {"type": "Point", "coordinates": [23.75, -26.5]}, "properties": {"source": "dryline", "date": "2026-10-04"}}, {"type": "Feature", "geometry": {"type": "Point", "coordinates": [30.75, -26.5]}, "properties": {"source": "dryline", "date": "2026-10-04"}}, {"type": "Feature", "geometry": {"type": "Point", "coordinates": [23.75, -26.75]}, "properties": {"source": "dryline", "date": "2026-10-04"}}, {"type": "Feature", "geometry": {"type": "Point", "coordinates": [30.75, -26.75]}, "properties": {"source": "dryline", "date": "2026-10-04"}}, {"type": "Feature", "geometry": {"type": "Point", "coordinates": [23.75, -27.0]}, "properties": {"source": "dryline", "date": "2026-10-04"}}, {"type": "Feature", "geometry": {"type": "Point", "coordinates": [30.75, -27.0]}, "properties": {"source": "dryline", "date": "2026-10-04"}}, {"type": "Feature", "geometry": {"type": "Point", "coordinates": [23.75, -27.25]}, "properties": {"source": "dryline", "date": "2026-10-04"}}, {"type": "Feature", "geometry": {"type": "Point", "coordinates": [24.0, -27.25]}, "properties": {"source": "dryline", "date": "2026-10-04"}}, {"type": "Feature", "geometry": {"type": "Point", "coordinates": [30.75, -27.25]}, "properties": {"source": "dryline", "date": "2026-10-04"}}, {"type": "Feature", "geometry": {"type": "Point", "coordinates": [24.0, -27.5]}, "properties": {"source": "dryline", "date": "2026-10-04"}}, {"type": "Feature", "geometry": {"type": "Point", "coordinates": [24.25, -27.5]}, "properties": {"source": "dryline", "date": "2026-10-04"}}, {"type": "Feature", "geometry": {"type": "Point", "coordinates": [31.0, -27.5]}, "properties": {"source": "dryline", "date": "2026-10-04"}}, {"type": "Feature", "geometry": {"type": "Point", "coordinates": [24.25, -27.75]}, "properties": {"source": "dryline", "date": "2026-10-04"}}, {"type": "Feature", "geometry": {"type": "Point", "coordinates": [24.5, -27.75]}, "properties": {"source": "dryline", "date": "2026-10-04"}}, {"type": "Feature", "geometry": {"type": "Point", "coordinates": [31.25, -27.75]}, "properties": {"source": "dryline", "date": "2026-10-04"}}, {"type": "Feature", "geometry": {"type": "Point", "coordinates": [24.5, -28.0]}, "properties": {"source": "dryline", "date": "2026-10-04"}}, {"type": "Feature", "geometry": {"type": "Point", "coordinates": [24.75, -28.0]}, "properties": {"source": "dryline", "date": "2026-10-04"}}, {"type": "Feature", "geometry": {"type": "Point", "coordinates": [31.25, -28.0]}, "properties": {"source": "dryline", "date": "2026-10-04"}}, {"type": "Feature", "geometry": {"type": "Point", "coordinates": [31.5, -28.0]}, "properties": {"source": "dryline", "date": "2026-10-04"}}, {"type": "Feature", "geometry": {"type": "Point", "coordinates": [24.75, -28.25]}, "properties": {"source": "dryline", "date": "2026-10-04"}}, {"type": "Feature", "geometry": {"type": "Point", "coordinates": [25.0, -28.25]}, "properties": {"source": "dryline", "date": "2026-10-04"}}, {"type": "Feature", "geometry": {"type": "Point", "coordinates": [25.25, -28.25]}, "properties": {"source": "dryline", "date": "2026-10-04"}}, {"type": "Feature", "geometry": {"type": "Point", "coordinates": [31.25, -28.25]}, "properties": {"source": "dryline", "date": "2026-10-04"}}, {"type": "Feature", "geometry": {"type": "Point", "coordinates": [25.25, -28.5]}, "properties": {"source": "dryline", "date": "2026-10-04"}}, {"type": "Feature", "geometry": {"type": "Point", "coordinates": [25.5, -28.5]}, "properties": {"source": "dryline", "date": "2026-10-04"}}, {"type": "Feature", "geometry": {"type": "Point", "coordinates": [25.75, -28.5]}, "properties": {"source": "dryline", "date": "2026-10-04"}}, {"type": "Feature", "geometry": {"type": "Point", "coordinates": [26.0, -28.5]}, "properties": {"source": "dryline", "date": "2026-10-04"}}, {"type": "Feature", "geometry": {"type": "Point", "coordinates": [31.25, -28.5]}, "properties": {"source": "dryline", "date": "2026-10-04"}}, {"type": "Feature", "geometry": {"type": "Point", "coordinates": [31.0, -28.75]}, "properties": {"source": "dryline", "date": "2026-10-04"}}, {"type": "Feature", "geometry": {"type": "Point", "coordinates": [30.75, -29.0]}, "properties": {"source": "dryline", "date": "2026-10-04"}}, {"type": "Feature", "geometry": {"type": "Point", "coordinates": [31.0, -29.0]}, "properties": {"source": "dryline", "date": "2026-10-04"}}, {"type": "Feature", "geometry": {"type": "Point", "coordinates": [30.75, -29.25]}, "properties": {"source": "dryline", "date": "2026-10-04"}}, {"type": "Feature", "geometry": {"type": "Point", "coordinates": [30.5, -29.5]}, "properties": {"source": "dryline", "date": "2026-10-04"}}, {"type": "Feature", "geometry": {"type": "Point", "coordinates": [30.25, -29.75]}, "properties": {"source": "dryline", "date": "2026-10-04"}}, {"type": "Feature", "geometry": {"type": "Point", "coordinates": [30.5, -29.75]}, "properties": {"source": "dryline", "date": "2026-10-04"}}, {"type": "Feature", "geometry": {"type": "Point", "coordinates": [30.0, -30.0]}, "properties": {"source": "dryline", "date": "2026-10-04"}}, {"type": "Feature", "geometry": {"type": "Point", "coordinates": [30.25, -30.0]}, "properties": {"source": "dryline", "date": "2026-10-04"}}, {"type": "Feature", "geometry": {"type": "Point", "coordinates": [29.75, -30.25]}, "properties": {"source": "dryline", "date": "2026-10-04"}}, {"type": "Feature", "geometry": {"type": "Point", "coordinates": [30.0, -30.25]}, "properties": {"source": "dryline", "date": "2026-10-04"}}, {"type": "Feature", "geometry": {"type": "Point", "coordinates": [29.75, -30.5]}, "properties": {"source": "dryline", "date": "2026-10-04"}}, {"type": "Feature", "geometry": {"type": "Point", "coordinates": [29.75, -30.75]}, "properties": {"source": "dryline", "date": "2026-10-04"}}, {"type": "Feature", "geometry": {"type": "Point", "coordinates": [29.5, -31.0]}, "properties": {"source": "dryline", "date": "2026-10-04"}}, {"type": "Feature", "geometry": {"type": "Point", "coordinates": [29.75, -31.0]}, "properties": {"source": "dryline", "date": "2026-10-04"}}, {"type": "Feature", "geometry": {"type": "Point", "coordinates": [29.5, -31.25]}, "properties": {"source": "dryline", "date": "2026-10-04"}}, {"type": "Feature", "geometry": {"type": "Point", "coordinates": [29.25, -31.5]}, "properties": {"source": "dryline", "date": "2026-10-04"}}, {"type": "Feature", "geometry": {"type": "Point", "coordinates": [29.5, -31.5]}, "properties": {"source": "dryline", "date": "2026-10-04"}}, {"type": "Feature", "geometry": {"type": "Point", "coordinates": [29.0, -31.75]}, "properties": {"source": "dryline", "date": "2026-10-04"}}, {"type": "Feature", "geometry": {"type": "Point", "coordinates": [29.25, -31.75]}, "properties": {"source": "dryline", "date": "2026-10-04"}}, {"type": "Feature", "geometry": {"type": "Point", "coordinates": [28.5, -32.0]}, "properties": {"source": "dryline", "date": "2026-10-04"}}, {"type": "Feature", "geometry": {"type": "Point", "coordinates": [28.75, -32.0]}, "properties": {"source": "dryline", "date": "2026-10-04"}}, {"type": "Feature", "geometry": {"type": "Point", "coordinates": [29.0, -32.0]}, "properties": {"source": "dryline", "date": "2026-10-04"}}, {"type": "Feature", "geometry": {"type": "Point", "coordinates": [28.0, -32.25]}, "properties": {"source": "dryline", "date": "2026-10-04"}}, {"type": "Feature", "geometry": {"type": "Point", "coordinates": [28.25, -32.25]}, "properties": {"source": "dryline", "date": "2026-10-04"}}, {"type": "Feature", "geometry": {"type": "Point", "coordinates": [28.5, -32.25]}, "properties": {"source": "dryline", "date": "2026-10-04"}}, {"type": "Feature", "geometry": {"type": "Point", "coordinates": [25.75, -32.5]}, "properties": {"source": "dryline", "date": "2026-10-04"}}, {"type": "Feature", "geometry": {"type": "Point", "coordinates": [26.0, -32.5]}, "properties": {"source": "dryline", "date": "2026-10-04"}}, {"type": "Feature", "geometry": {"type": "Point", "coordinates": [26.25, -32.5]}, "properties": {"source": "dryline", "date": "2026-10-04"}}, {"type": "Feature", "geometry": {"type": "Point", "coordinates": [26.5, -32.5]}, "properties": {"source": "dryline", "date": "2026-10-04"}}, {"type": "Feature", "geometry": {"type": "Point", "coordinates": [26.75, -32.5]}, "properties": {"source": "dryline", "date": "2026-10-04"}}, {"type": "Feature", "geometry": {"type": "Point", "coordinates": [27.0, -32.5]}, "properties": {"source": "dryline", "date": "2026-10-04"}}, {"type": "Feature", "geometry": {"type": "Point", "coordinates": [27.25, -32.5]}, "properties": {"source": "dryline", "date": "2026-10-04"}}, {"type": "Feature", "geometry": {"type": "Point", "coordinates": [27.5, -32.5]}, "properties": {"source": "dryline", "date": "2026-10-04"}}, {"type": "Feature", "geometry": {"type": "Point", "coordinates": [27.75, -32.5]}, "properties": {"source": "dryline", "date": "2026-10-04"}}, {"type": "Feature", "geometry": {"type": "Point", "coordinates": [28.0, -32.5]}, "properties": {"source": "dryline", "date": "2026-10-04"}}]}